Usu√°rio,Reply,Conte√∫do,Rea√ß√µes,Editado
Douglas Mello Almeidinha,,"Isso n√£o quer dizer que o medicamento seja eficaz. Pelo contr√°rio, os estudos continuam e est√£o comprovando a inefic√°cia dele!",10,FALSE
Josafar Akbar,,Quantas vidas n foram perdidas,0,FALSE
Douglas Mello Almeidinha,,Reino unido j√° parou de perder tempo com isso: https://www.cnnbrasil.com.br/saude/2020/06/06/hidroxicloroquina-nao-mostra-beneficios-e-reino-unido-cancela-testes Hidroxicloroquina n√£o mostra benef√≠cios e Reino Unido cancela testes CNNBRASIL.COM.BR Hidroxicloroquina n√£o mostra benef√≠cios e Reino Unido cancela testes Hidroxicloroquina n√£o mostra benef√≠cios e Reino Unido cancela testes,6,FALSE
Cleiton Eduardo,,"O cara √© um g√™nio, enxerga longe. At√© a OMS est√° dando raz√£o ao Bolsonaro. https://g1.globo.com/bemestar/coronavirus/noticia/2020/06/03/oms-anuncia-que-vai-retomar-testes-com-hidroxicloroquina-para-covid-19.ghtml  OMS anuncia que vai retomar testes com hidroxicloroquina para Covid-19 G1.GLOBO.COM OMS anuncia que vai retomar testes com hidroxicloroquina para Covid-19 OMS anuncia que vai retomar testes com hidroxicloroquina para Covid-19",0,FALSE
Douglas Mello Almeidinha,Cleiton Eduardo,o retorno dos testes n√£o quer dizer o comprovar√° a efic√°cia! Existem v√°rios estudos n√£o recomendando o uso desse medicamento!,3,FALSE
Cleiton Eduardo,Douglas Mello Almeidinha,como assim? Se a ci√™ncia at√© se desculpou?,0,TRUE
Alinne Werneck,Douglas Mello Almeidinha,vc n√£o t√° vendo sua essa desgra√ßa √© Fake? √â rob√¥,2,FALSE
Cleiton Eduardo,Alinne Werneck,s√≥ imbecil troca ideia com rob√¥ kkkkkk,0,FALSE
Douglas Mello Almeidinha,Cleiton Eduardo,mesmo assim! Existem outros estudos que apontam que a cloroquina/ hidroxicloroquina n√£o √© eficaz para o tratamento da covid-19!,0,FALSE
Nara Chaves,Douglas Mello Almeidinha,concordo com vc.,0,FALSE
Pablo Lassalle,,Sempre tem um bolsominion pedindo por favor para passar vergonha.,17,FALSE
Isaac Gomes Sant'ana,,Piadakkkk,1,FALSE
Denyelle Coimbra,,Ele √© cientista agora? N√£o tava sabendo n√£o.,1,FALSE
Irene Machado,,Acho que esse cara n√£o sabe ler...  ü§î,8,FALSE
Maria Medeiros,,"A imagem pode conter: texto que diz ""N 22:45 facebook TRUMP PREV√ä MORTE5 MIL BRASILE EIROS PORDIA, POR SEAFASTA R√ÅPIDO R√ÅPIDO DE SEU ""MUY AMIGO"" MONSTRONARO Estudo governo dos EUA sobrea evolu√ß√£o casos coronav√≠rus mundo aponta um cen√°rio tr√°gico para Brasil, fun√ß√£o das falhas governo Bolsonaro sistema monitoramento prev√™ piora quadro brasileiro projeta at√© ag... Ver mais FOLHA.U Modelo usado mortes di√°rias Casa Branca Branca projeta .000 Covid-19 Brasil ag... Medeiros Curtir 2coment√°rios Comentar Compartilhar""",1,FALSE
Maria Medeiros,,Ser√° por causa desse,0,FALSE
Diogo Fazolin,,"A OMS √© assassina!!! Escondeu a gravidade da doen√ßa por muito tempo, falou que n√£o era necess√°rio usar m√°scaras, depois voltou atr√°s... Interrompeu as pesquisas com a cloroquina e voltou atr√°s... Nessas idas e vindas muitos morreram por falta de tratam‚Ä¶Ver mais",4,TRUE
Douglas Mello Almeidinha,Diogo Fazolin,"ONU n√£o, OMS!",0,FALSE
Fabiane Ribas,,Sabe nem de quem ta falando kkkkkkkkkk,0,FALSE
Jos√© Felipe,,Que???? A√≠ a√≠,0,FALSE
Priscilla Eid,,Kkkklkk,0,FALSE
Fernanda Fer,,ü§î,0,FALSE
Fabiane Ribas,,Vamo rir do gado,5,FALSE
Fabiane Ribas,,Pausar GIF Tenor,5,FALSE
Fabiane Ribas,Jerfson Santos,muuuuuuuuuuu,1,FALSE
Diogo Fazolin,,Prefiro ser gado do que ser carrapato!,0,FALSE
Fabiane Ribas,Diogo Fazolin,muuuuu,1,FALSE
Ana Paula Olliveira,Fabiane Ribas,kkkkkkkkk gado ta fumando capim,2,FALSE
Luiz Duarte,,"Vai l√° doid√£o, segue o mito",3,FALSE
Diogo Fazolin,,"Queria ter uma bola de cristal para ver a cara dos anti cloroquina faria em caso positivo de Covid-19, fossem ao m√©dico e o mesmo receitasse dipirona, √°gua e repouso",1,FALSE
Fabiane Ribas,Diogo Fazolin,"vou usar uma medica√ß√£o que mal entendo, contrariando uma pessoa que estudou por 10 anos, tudo isso pra mostrar que lambo as bolas do Bolsonaro se for preciso pq qualquer merda que sai da boca dele eu vou l√° e fa√ßo!",7,FALSE
Nara Chaves,Diogo Fazolin,ja tem outros rem√©dios nao existe so a Cloroquina,0,FALSE
Diogo Fazolin,,"N√£o falei de Bolsonaro... Presta aten√ß√£o o canhota... Seguinte, voc√™ deve se achar muito inteligente e bem informada... Ent√£o n√£o preciso te dizer quantos anos o rem√©dio est√° no mercado e que ele √© usado diariamente por pessoas com doen√ßas auto imunes.‚Ä¶Ver mais",0,FALSE
Fabiane Ribas,Diogo Fazolin,"e qual o estudo que comprova a efic√°cia do mesmo? Mande fontes amig√£o, refute com provas e n√£o com fakenews de whatsapp!",1,FALSE
Diogo Fazolin,,Se informe sobre o Dr. Zelenko... Veja o estudo publicado pelo hospital Prevent s√™nior...,0,FALSE
Jerfson Santos,Fabiane Ribas,Percebo que vc n√£o √© informado. Mais n√£o est√° bom toma TUBAINA √© faz uma salada com capim,1,FALSE
Diogo Fazolin,Fabiane Ribas,media1.tenor.co,0,FALSE
Fabiane Ribas,,"Estudo Prevent S√™nior: sem comprova√ß√£o da doen√ßa, pacientes tbm tomavam azitromicina. Nada contra que quer tomar, por mim pode at√© morrer se quiser. Fique √† vontade. Beijos.",0,FALSE
Fabiane Ribas,Jerfson Santos,muuuuuu,1,FALSE
Diogo Fazolin,Fabiane Ribas,vou te dar o caminho da verdade... Procure se informar sobre o porque o exame RT-PCR foi criado ( qual intuito e como funciona)... Pesquise sobre Exossomos...‚Ä¶Ver mais,0,FALSE
Fabiane Ribas,Diogo Fazolin,"ta mas e a efic√°cia comprovada do medicamento, tu tens a√≠ em m√£os? Ou s√≥ tuas teorias j√° basta pra tentar fazer os outros acreditarem?",0,FALSE
Diogo Fazolin,Fabiane Ribas,"acorda!!! A revista Lancet publicou um estudo (deve ter rolado muita grana) de que a CLOROQUINA mata mais... Depois que M√âDICOS, CIENTISTAS (n√£o eu que sou um rel√©s contador) questionaram mundo a fora ela vem e se desculpa por falta de ba‚Ä¶Ver mais",0,FALSE
Fabiane Ribas,Diogo Fazolin,vc ta acusando um m√©dico de matar pessoas pra comprovar que a cloroquina n√£o √© eficaz contra a covid-19?,0,FALSE
Diogo Fazolin,Fabiane Ribas,de maneira nenhuma... Apenas que a dose que ele prescreveu √© para cavalo! Da uma googlada a√≠,0,FALSE
Leide Menezes,,"Vai l√° e toma, se n√£o morrer de corona morre do cora√ß√£o",4,FALSE
Erika Mendes Mendes,Leide Menezes,kkkk,0,FALSE
Luiz Duarte,,Pq o Seu √≠dolo Trump n√£o usa ?,3,FALSE
Yago Sales,,Esse jornal n√£o existe √© uma montagem,3,FALSE
Irina Talbot,,√â sarcasmo n√©? Diz que √© sarcasmo pfv kkkk,2,FALSE
Cleiton Eduardo,Irina Talbot,por que seria? Nosso Presidente √© um g√™nio ... enxerga l√° na frente,5,FALSE
Irina Talbot,,Reproduzir GIF Tenor,2,FALSE
Alex NM,,"A imagem pode conter: texto que diz ""N√ÉO SEJA BURRO! PARE DE IDOLATRAR POL√çTICOS!""",2,FALSE
Luanna Bianca,Cleiton Eduardo,"Procure ajuda psiqui√°trica, vc s√≥ pode ser louco kakaka",4,TRUE
Gilvani Somar Ramosprocopio,Luanna Bianca,√© s√≥ ele cloroquinar a fam√≠lia dele mesmo  üòÇ  üòÇ  üòÇ  üòÇ,1,FALSE
Cleiton Eduardo,Luanna Bianca,quanto √≥dio no cora√ß√£o minha senhora ... larga esse √≥dio e vem amar nosso Presidente honesto,3,FALSE
Luanna Bianca,Gilvani Somar Ramosprocopio,Pois √© kakakaka. Cada louco.,0,FALSE
Luanna Bianca,Cleiton Eduardo,Outra piada kakaka,1,FALSE
Fernanda Lys,,"√â sarcasmo, gente, respirem(acho)",0,TRUE
M√°rio De Melo,,Pior que n√£o √©... A pastora √© o t√≠pico gado que idolatra pol√≠tico.,0,FALSE
Rita Vict√≥ria Valentina,,üòÇ  üòÇ  üòÇ  üòÇ  üòÇ  üòÇ  üòÇ  üòÇ  üòÇ  üòÇ,0,FALSE
Kelly Piccolo,,0:00 / 2:33,4,FALSE
Cristiane Rodrigu√™s da Silva,Arianna De Abreu Lessa,olha esse v√≠deo  ü§£,1,TRUE
Bruno Silva,,Doutor bolsonaro...  üòÇ  üòÇ  üòÇ  üòÇ ... Passa vergonha n√£o parceiro...,0,FALSE
Rafael Mazzieiro,,"√â normal isso acontecer na ci√™ncia, voltar os testes n√£o significa que o rem√©dio funciona, e sim que os testes precisam ser mais abrangentes.",7,FALSE
Douglas Mello Almeidinha,Rafael Mazzieiro,Exatamente isso!,2,FALSE
Suellen De Sena Lucas,,"Gente, o pedido de desculpas √© por ter, primeiramente, dado aval ao uso do rem√©dio com base numa pesquisa cheia de falhas e depois ter voltado atr√°s. S√≥ refor√ßa o quanto bolsonaro sempre esteve errado.",12,TRUE
Douglas Mello Almeidinha,Suellen De Sena Lucas,sim,0,FALSE
Cleiton Eduardo,Suellen De Sena Lucas,ent√£o porque a OMS voltou a usar? Explique por favor,0,FALSE
Leno Andrade,Cleiton Eduardo,"corrente do zap zap, informa√ß√£o do Facebook, fonte vozes da cabe√ßa?",2,FALSE
Suellen De Sena Lucas,Cleiton Eduardo,"n√£o voltou a usar, simples.",1,FALSE
Cleiton Eduardo,Suellen De Sena Lucas,https://www.google.com/amp/s/g1.globo.com/google/amp/bemestar/coronavirus/noticia/2020/06/03/oms-anuncia-que-vai-retomar-testes-com-hidroxicloroquina-para-covid-19.ghtml OMS anuncia que vai retomar testes com hidroxicloroquina para Covid-19 G1.GLOBO.COM OMS anuncia que vai retomar testes com hidroxicloroquina para Covid-19 OMS anuncia que vai retomar testes com hidroxicloroquina para Covid-19,0,FALSE
Cleiton Eduardo,Suellen De Sena Lucas,t√™m certeza? A senhora est√° bem desinformada hein? Nosso Presidente √© um her√≥i vision√°rio,5,FALSE
Suellen De Sena Lucas,Cleiton Eduardo,"mo√ßo... vc sabia que testes e pesquisas s√£o diferentes de recomenda√ß√£o ao uso? Foi essa a grandeeeee confus√£o do seu ""presidente her√≥i vision√°rio"" q na vdd √© burro",5,TRUE
Cleiton Eduardo,Suellen De Sena Lucas,j√° mudou de assunto n√©? Kkkkkkkkkkkkkkkkkkkkkk,0,FALSE
Anna Moon Bricker,Cleiton Eduardo,"voc√™ n√£o leu ou n√£o sabe o significado da palavra TESTE? A imagem pode conter: texto que diz ""CORONAVIRUS OMS anuncia que vai retomar testes com hidroxicloroquina para Covid-19 Cientista da entidade alertou, entretanto, que mais mudan√ßas podem ocorrer no futuro. Testes com a subst√¢ncia foram suspensos na semana passada.""",1,FALSE
Suellen De Sena Lucas,,Oxi mudei? Kkkk kkkk,0,FALSE
Marina Serpa,,A OMS s√≥ autorizou pesquisas: https://revistagalileu.globo.com/amp/Ciencia/noticia/2020/06/entenda-retratacao-de-estudo-sobre-cloroquina-e-hidroxicloroquina.html Entenda a retrata√ß√£o de estudo sobre cloroquina e hidroxicloroquina REVISTAGALILEU.GLOBO.COM Entenda a retrata√ß√£o de estudo sobre cloroquina e hidroxicloroquina Entenda a retrata√ß√£o de estudo sobre cloroquina e hidroxicloroquina,2,FALSE
Cleiton Eduardo,Marina Serpa,√© duro estar errado ... o Mito sabe muito,0,FALSE
M√°rio De Melo,,Bolsonarista √© doido,0,FALSE
Alexsandra Azevedo,Suellen De Sena Lucas,eles n√£o sabem l√™ e interpretar,1,FALSE
Emi Gama,Cleiton Eduardo,"ele n√£o √© vision√°rio, ele apenas tenta copiar o √≠dolo dele, Donald Trump",0,FALSE
Farley Miranda,Suellen De Sena Lucas,"o Lula tem o rem√©dio que cura , √© s√≥ ele devolver o que roubou resolve quase tudo",1,FALSE
Bruna Barros,Farley Miranda,"nem todo mundo que n√£o apoia o bolsonaro, e PT n√£o senhora!",1,FALSE
Bruna Barros,,mania achar s√≥ pq n√£o √© a favor do mito e PT e Lula  üòÇ  üòÇ  üòÇ  üòÇ tem que rir,1,FALSE
Farley Miranda,Bruna Barros,mas √© contra a na√ß√£o,0,FALSE
Bruna Barros,Farley Miranda,"pelo amor de Deus n√© querida, vamos estudar vamos aprender ler e interpretar texto! Perdi a minha m√£e dia 10 agora faz 1 m√™s de covid, 55 anos nova, sem risco, sa√∫de de touro mais o v√≠rus e s√≥ uma gripizinha como o mito falou!",0,FALSE
Farley Miranda,Bruna Barros,"meus sincero sentimentos, que DEUS conforte vc e fam√≠lia, com essa perda irrepar√°vel, sei da gravidade da coisa , por isso evito o m√°ximo de fazer o que o povo est√° fazendo, e que temos o que merecemos, se fiz√©ssemos nossa parte essa camba‚Ä¶Ver mais",0,FALSE
Reni Thompson,Suellen De Sena Lucas,deixa de ser besta.,0,FALSE
Bruna Barros,Farley Miranda,"obg pelos sentimentos, por isso que eu falo n√£o √© pq apoiamos um merda desse na pol√≠tica que somos Lula e PT! Infelizmente o v√≠rus est√° matando, como ele disse que iria s√≥ matar quem √© de risco, coisa nenhuma est√° matando crian√ßas pessoa‚Ä¶Ver mais",0,FALSE
Suellen De Sena Lucas,Reni Thompson,oi senhora! Que educa√ß√£o. Bom dia tbm pra senhora tbm,0,TRUE
Suellen De Sena Lucas,Alexsandra Azevedo,"pois √© mana, al√©m de serem raivosos e ofensivos. Credo! Custa nada ler a mat√©ria  ü§¶üèΩ‚Äç‚ôÄÔ∏è",2,FALSE
Leticia Bassanesi,,"As pessoas ao inv√©s de ser um pouco agradecido a Deus por ter um rem√©dio que pode ajudar na cura do v√≠rus preferem ficar ofendendo o presidente, tem gente que merece mesmo pegar o corona v√≠rus!",5,FALSE
Rafael Mazzieiro,Leticia Bassanesi,‚Äúmerece pegar o v√≠rus‚Äù que forte hein...Bolsonaro pela falta de empatia falaria a mesma coisa.,5,FALSE
Luanna Bianca,Leticia Bassanesi,"Se existe um rem√©dio que cura, eu n√£o entendo por que no mundo todo o n√∫mero de mortes s√≥ cresce. Vc pode me explicar? Mas sem fake news, please.",5,FALSE
Leticia Bassanesi,Rafael Mazzieiro,"Tem gente que al√©m de merecer pegar faz ainda por merecer, me poupe!",0,FALSE
Leticia Bassanesi,Luanna Bianca,"n√£o sei se voc√™ leu direito mais eu disse que PODE AJUDAR NA CURA, se liga",1,FALSE
Rafael Mazzieiro,Leticia Bassanesi,"discurso de √≥dio no grupo, pra que isso ?",3,FALSE
Gilson Giovanna Filha,,Reproduzir GIF GIPHY,1,FALSE
L√≠lia Moura,Leticia Bassanesi,queridinha vc leu a reportagem? Ou √© s√≥ vontade de espraguejar os outros mesmo ?,3,FALSE
Leticia Bassanesi,Rafael Mazzieiro,N√£o √© discurso de √≥dio √© um discurso de realidade porque parece que tem pessoas que faz por merecer de t√£o egotistas que s√£o,0,FALSE
Leticia Bassanesi,L√≠lia Moura,N√£o lindinha eu n√£o li kkkkkkkkk se poupe,0,FALSE
Anna Moon Bricker,Leticia Bassanesi,coment√°rio digno de seguidores do genocida  ü§¨,4,FALSE
Luanna Bianca,Anna Moon Bricker,"Pois √©, lament√°vel",1,FALSE
Luanna Bianca,Leticia Bassanesi,Procure as estat√≠sticas do mundo e veja que infelizmente ainda n√£o existe cura e nenhuma droga que comprovadamente possa ser usada efetivamente no tratamento da covid 19.,2,FALSE
L√≠lia Moura,Leticia Bassanesi,ü§£,0,FALSE
Kelly Piccolo,,"Ah o amor crist√£o, que lindo! Kkk",0,FALSE
Milena Lib√≥rio,,chora cmg,0,FALSE
Alexandra Prianti,Vitor Maciel,,2,FALSE
Sabrina Braga Vieira,,Fake!!! Tio do Zap!,2,FALSE
Alex NM,,"1 estudo apenas em que os caras afirmam que erraram por usar fonte n√£o confi√°vel para formular o estudo. Sabe, al√©m deste estudo, existem j√° outros tantos que afirmam o mesmo, e n√£o continuam sendo v√°lidos.",1,FALSE
Suelen Gabrielly Santana,,Noticia velha meu chapa. Fonte: zap zap,4,FALSE
Ana Paula Olliveira,Suelen Gabrielly Santana,fonte: do alto da capinheira,1,FALSE
Juliano Grafite,,Alerta de ROB√îS,1,FALSE
Elizabete Casimira,,Cada um....,1,FALSE
Danielle Souza,,Absurdo,0,FALSE
Danielle Souza,,Fakenews,0,FALSE
Elizabete Casimira,,Se cloroquina fosse tudo isso n√£o teriam tantos mortos no EUA e nem eles estariam enviando o lixo deles para c√°,5,FALSE
Andressa Donzelli,,Fake denunciei para o Facebook,5,FALSE
Cleiton Eduardo,Andressa Donzelli,vai l√° ... passe o dia denunciando kkkkkk,0,FALSE
Diogo Fazolin,Andressa Donzelli,toma TUBAINA!,0,FALSE
Andressa Donzelli,Diogo Fazolin,"n√£o gosto, toma voc√™ e fique diab√©tico.",2,FALSE
Camila Capobianco,,"Usa mo√ßo, passa a tomar um comprimido a cada 6 horas. Dizem que √© o √≥timo pra quem tem herdeiros, eles amam!",5,FALSE
Diogo Fazolin,,Quem n√£o quiser CLOROQUINA... Toma TUBAINA e boa!!! Espero ter ajudado!,2,FALSE
Carol Selleri,Diogo Fazolin,"Tuba√≠na √© m√≥ daora! Quanto a cloroquina, fa√ßa bom uso socando no seu cu at√© morrer.",2,FALSE
Diogo Fazolin,Carol Selleri,"u√© mas maconha e outras drogas n√£o faz mal, porque a CLOROQUINA faria?!?!  üòÅ",0,FALSE
Carol Selleri,Diogo Fazolin,"j√° √© CIENT√çFICAMENTE comprovado que maconha n√£o mata e nunca matou ningu√©m, diferente da cloroquina que assim com √°lcool e cigarro matam. E tamb√©m estudos cient√≠ficos que comprovam que a cannabis pode sim ajudar na preven√ß√£o e tratamento ‚Ä¶Ver mais",0,FALSE
Diogo Fazolin,Carol Selleri,o mesmo com a CLOROQUINA! Haha que doideira!,0,FALSE
Carol Selleri,Diogo Fazolin,"exatamente, por isso disse pra tu socar no cu, n√£o quero nem de gra√ßa  üòâ",0,FALSE
Diogo Fazolin,,Antifascista desbocada voc√™ hein!!! Reproduzir GIF Tenor,0,FALSE
Paula Moreira,,"Claroq ele tava"" certo"". Deve ter sido o diabo que deu essa dica pra ele.",4,FALSE
L√≠lia Moura,,ü§£  ü§£  ü§£  ü§£  ü§£  ü§£  ü§£  ü§£  ü§£  ü§£ vc n√£o entendeu oq t√° escrito na reportagem ?,2,FALSE
Douglas Mello Almeidinha,,Outra coisa: existe o problema da dosagem a ser utilizada. A dosagem recomendada e muito pr√≥xima da dosagem letal. A dose recomendada √© de 25 mg/kg e se chegar a 30 mg/kg mata! O problema est√° no fato de que essa dosagem precisa ser maior para tratar a‚Ä¶Ver mais,2,FALSE
Leimar Leite,,"Baseado na minha pr√≥pria opini√£o, eu mesmo posso refutar qualquer afirma√ß√£o cient√≠fica prim√°ria... Tenho 50% de chances de estar certo. Agora, provar o porqu√™ da minha afirma√ß√£o √© que s√£o elas! Achismo n√£o faz de ningu√©m um g√™nio, muito menos o salvado‚Ä¶Ver mais",3,FALSE
Nubia Lima Correa,,Ser√° que este grupo tem administrador? Acho que se tivesse espulsaria logo este tipo daqui.,5,FALSE
Cleiton Eduardo,Nubia Lima Correa,que tia mais antipatica,0,FALSE
Douglas Mello Almeidinha,Nubia Lima Correa,Pois √©! N√£o deveria aprovar publica√ß√µes sobre medicamentos!,0,FALSE
Diogo Fazolin,Nubia Lima Correa,expulsar porqu√™?!?! O povo t√° acostumado a ouvir o que pensa ser o certo e quando da de encontro com a realidade vem esse m√≠mimi. O cara n√£o postou nada de fake!! Deve ser petista,0,FALSE
Douglas Mello Almeidinha,Nubia Lima Correa,tem outra publica√ß√£o pedindo informa√ß√µes sobre como usar a evermectina. Isso √© muito perigoso! Pode causar intoxica√ß√£o medicamentosa!,0,FALSE
Nubia Lima Correa,Diogo Fazolin,N√£o tenho politico de estima√ß√£o. E n√£o sou gado para seguir rebanho‚Ä¶Ver mais,0,FALSE
Diogo Fazolin,Nubia Lima Correa,antes ser gado do que ser o carrapato!,0,FALSE
Nubia Lima Correa,Diogo Fazolin,At√© tenta mas n√£o consegue. E dif√≠cil mesmo muita informa√ß√£o pouco celebro. ‚Ä¶Ver mais,0,FALSE
Diogo Fazolin,Nubia Lima Correa,obrigado... Seus insultos s√£o recebidos como elogios por mim!,0,TRUE
Marcos Santos Santana,,Nao sabem.interpretar? Bolsonaro esta errado,3,FALSE
L√≠lia Moura,,"ü§î o bonito pode fazer postagem pol√≠tica pra tumultuar o grupo? A imagem pode conter: 1 pessoa, texto que diz ""23:06 35% Cleiton Eduardo no grupo Coron... 104 coment√°rios Curtir compartilhamentos Comentar Compartill Cleiton Eduardo o ADM n√£o pol√≠tica? excluir quem fizesse postagem Curtir Responder postagem politica Editado Shuster Eduardo deixa er gado Vaila abra√ßar presidentee deixaas pessoas verdade Curtir Responder nada rritadas Ana Bonavita fanatico pessoas conduzido Aprenda ociedade acomiha insubordina√ß√£o politica deixade forma interesses onunca recusando Rasnandar Curtir Comentar III Comparti tilhar""",6,TRUE
Suellen De Sena Lucas,L√≠lia Moura,"ainda pouco esse mo√ßo a√≠ estava discutindo l√° em cima. Chamando o bozo de ""her√≥i vision√°rio""",2,TRUE
L√≠lia Moura,Suellen De Sena Lucas,"o post dele √© sobre pol√≠tica, desde o momento que fala do bozonaro!",3,FALSE
Leimar Leite,,Dois pesos e duas medidas. T√≠pico. Um ministro da sa√∫de que n√£o pode priorizar a sa√∫de. Um ministro da justi√ßa que n√£o pode ser justo se a fam√≠lia imperial estiver na jogada.‚Ä¶Ver mais,1,FALSE
Anne Dallas,,√â s√≥ denunciar pro ADM gente,0,FALSE
L√≠lia Moura,Anne Dallas,quantas vezes?  ü§∑üèª‚Äç‚ôÄÔ∏è,0,FALSE
Anne Dallas,L√≠lia Moura,"eu j√° denunciei o post, mas tem q ser v√°rias pessoas. Issoooooo se o ADM ver",0,FALSE
L√≠lia Moura,Anne Dallas,pois √©...,0,FALSE
Anne Dallas,L√≠lia Moura,ou ent√£o a gente marca ele no post kkkkkk,0,FALSE
Anne Dallas,Isabela Buck,,0,FALSE
Vanessa Guadagnini,,"Raz√£o do qu√™???? A The Lancet questionou o rigor cient√≠fico de UMA publica√ß√£o apenas, UMA pesquisa. Por√©m, h√° v√°rias outras pesquisas de institui√ß√µes renomadas tb falando sobre a inefic√°cia da cloroquina e derivados.‚Ä¶Ver mais",6,FALSE
Douglas Mello Almeidinha,Vanessa Guadagnini,exatamente isso!,0,FALSE
Sandra Marcos Rangel,,Tem gente que n√£o aprende mesmo  üòè  üòè  üòè,0,FALSE
Anne Mashimo,,"Cloroquina cura, n√©? Por isso, mais de 35.000 vidas ceifadas, s√≥ no Brasil! E mais quantas, no mundo??? Fala s√©rio, n√©?",2,FALSE
Josina Maria,,"Gente n√£o serve para todos , sen√£o √± teria morrido tantas pessoas no Estados Unidos.",2,FALSE
Cleiton Eduardo,,√â duro fazer oposi√ß√£o ao Bolsonaro n√© pessoal? No final fica claro que ele est√° com a raz√£o,15,FALSE
Rafael Mazzieiro,Cleiton Eduardo,"vc √© t√£o anti-ci√™ncia quanto o presidente. Um fan√°tico, pra que essa idolatria ? Vamos discutir dados id√©ias, vem pra ci√™ncia",9,FALSE
Carol Grecco,Cleiton Eduardo,"vdd, as pessoas do mundo inteiro t√£o morrendo s√≥ pra contrariar o capit√£o... s√£o tudo uns esquerdista safado",12,FALSE
Josina Maria,Carol Grecco,kkkkkkkkkkkkkkkkk,1,FALSE
Carol Grecco,Josina Maria,"s√≥ rindo neh, pra gt n√£o chorar!",3,FALSE
Josina Maria,Carol Grecco,Vdd kkkk,1,FALSE
Kelly Piccolo,,"A imagem pode conter: 1 pessoa, chap√©u e atividades ao ar livre, texto que diz ""GUSTTAVO lima e voc√™.""",5,FALSE
Gabriel Otero,Cleiton Eduardo,"Mesmo com erro dessa pesquisa, Bolsonaro n√£o tem como estar certo pq isso n√£o invalida os outros estudos sobre a cloroquina",2,FALSE
Lucas Barboza Dos Santos,,"Cara, se entope de cloroquina, a vontade. Mas na hora que ficar doente n√£o pode ir pro hospital blz? Afinal o corona √© uma "" farsa mundial criada pelos comunistas do foro de sp e gorge soros para derrubar o mito"" vc como bom gado sabe da Grande conspi‚Ä¶ Ver mais",7,TRUE
Diogo Fazolin,Cleiton Eduardo,CLOROQUINA faz mal... As drogas √© que faz bem!,1,FALSE
Carolina Pernas,,"A imagem pode conter: texto que diz ""ESTAD√ÉO Brasil tem mais gado que gente, aponta IBGE""",7,FALSE
Douglas Mello Almeidinha,,"Ai, dai-me paci√™ncia!",3,FALSE
Leonardo Santos,,"Vi depoimento de m√©dico confirmando. E gra√ßas a Deus minha esposa foi tratada com cloroquila ap√≥s 8 dias isolada no Hospital do Rocil em Curitiba e ja est√° em casa,usou bombinha por um tempo e n√£o foi parar no oxig√™nio,",9,TRUE
Douglas Mello Almeidinha,Leonardo Santos,"m√©dico n√£o √© cientista, portanto n√£o pode compravar a efici√™ncia de nada! Para tal fim, existimos n√≥s, os cientistas!",8,TRUE
Marcos Santos Santana,Leonardo Santos,acontece q esse remedio esta prejudicando mais pessoas do q salvando...ja q a maioria da popula√ß√£o tem problemas. A esposa deve ser saud√°vel com todos os orgaos funcionando bem ...mas a maioria nao √©...e tem algum lroblema entao √© arriscado tomar a cloroquina,4,TRUE
Leonardo Santos,,"E emissoras de TV gostam de vender mortes e n√£o passam os avan√ßos que est√£o sendo feitos,n√£o est√£o preocupados com vidas e sim sensacionalismo negativo ao inv√©s de motiva√ß√µes para um bem maior",3,FALSE
Marcos Santos Santana,Leonardo Santos,duvida das mortes v√° nos hospitais averiguar,2,FALSE
Leonardo Santos,Marcos Santos Santana,"n√£o ela n√£o √© saud√°vel e tem problemas respirat√≥rios,mas como quimioterapia e outros medicamentos possuem efeitos colaterais e est√£o ai, se √© o que se tem at√© solu√ß√µes melhores √± podemos descartar 100% das possibilidades de uso",1,FALSE
Marcos Santos Santana,Leonardo Santos,ela tem problema d.cora√ß√£o ou rins? Pq esse remedio esta causando parada e peoblemas nesses dois √≥rg√£os principalmente,1,FALSE
Leonardo Santos,,"tomara que possamos achar um menos agressivo e com menos riscos,meu desejo que fosse a planta Artem√≠sia Annua que est√° sendo assistida pela oms em possibilidade de ser aplicada para aumentar imunidade para amenizar avan√ßos",1,FALSE
Gregory Martins,,√â placebo,0,FALSE
Leonardo Santos,Marcos Santos Santana,"renal tem desde crian√ßa,sendo que a ingest√£o de liquido foi pesada",1,FALSE
Leonardo Santos,,Mas a quantidade que ela usou n√£o deu queda de cabelos que o medico ressalvou dentre outros efeitos mas gra√ßas a Deus deu tudo certo ap√≥s dias sombrios de luta,1,TRUE
Carol Grecco,,"Nem sei se tem raz√£o dessa vez, acho que continua n√£o tendo, maaas, em tendo, qual foi a outra vez mesmo que ele teve raz√£o?! Rs... √© pro TCC de um amigo",5,FALSE
Douglas Mello Almeidinha,Carol Grecco,nenhuma,1,FALSE
Carol Grecco,Douglas Mello Almeidinha,"inclusive t√° at√© no negativo neh amigo, tipo menos 70 de raz√£o",0,FALSE
Douglas Mello Almeidinha,Carol Grecco,exatamente,1,FALSE
Marina Serpa,,"A minha opini√£o sobre o assunto passa pelo depoimento de um m√©dico que est√° no ‚Äúfront‚Äù. Ele pede para n√£o politizarmos qualquer medicamento. Al√©m do estresse da pandemia, eles tem que lidar com a discuss√£o: m√©dico que indica o uso, √© de direita. Se n√£‚Ä¶Ver mais",8,FALSE
Lisa Ferreira,,"Meu amigo, que estava infectado com o coronav√≠rus, n√£o se recuperou com o medicamento. Ouvi dizer que me recuperei imediatamente com outro m√©todo que n√£o a medicina; portanto, se algu√©m estiver sofrendo com o coronav√≠rus, entre em contato pelo messeng‚Ä¶Ver mais",3,FALSE
Tauana Ribeiro,,"https://www.bbc.com/portuguese/geral-52930383 Pra quem n√£o entendeu, a retrata√ß√£o n√£o afirma que o oposto √© verdadeiro. E a retrata√ß√£o foi dada mais por uma burocracia cient√≠fica excelente que visa garantir a m√°xima seguran√ßa aos dados. Vou desenhar d‚Ä¶Ver mais",8,TRUE
Flavio Magalh√£es,,Por que sera ent√£o que a mat√©ria foi retirada?? Ser√° que foi porque pediram pra provar a veracidade e o editor n√£o conseguiu?  ü§î,4,FALSE
Zenaide Castilho,Flavio Magalh√£es,talvez sim,0,FALSE
Douglas Mello Almeidinha,Flavio Magalh√£es,"meu Deus, 1 √∫nico artigo foi retirado, mas existem outros que conclu√≠ram a mesma coisa",0,FALSE
Flavio Magalh√£es,Douglas Mello Almeidinha,Mostra a√≠,0,FALSE
Flavio Magalh√£es,,"A imagem pode conter: 1 pessoa, texto que diz ""ALGAR TELECOM 23:19 google.com Segundo a ""The Lancet"", os autores foram incapazes de realizar auditoria independente dados fornecidos pela empresa Surgisphere, contratada para coletar os dados hospitais sobre os pacientes. o estudo afirmava avaliado pacientes, alguns hospitais confirmaram dados utilizados, segundo imprensa inglesa. e Apesar de boa parte da comunidade cient√≠fica apontar evid√™ncias cloroquina hidroxicloroquina possam efeitos mostraram profissionais questionaram metodologia da nova enviaram uma carta ""The Lancet"" com cr√≠ticas ao estudo. Ap√≥s os questionamentos, os autores conclu√≠ram que ""n√£o podem mais garantir a √ó esclarece duvidassobre Coronavirus +""",0,FALSE
Douglas Mello Almeidinha,Flavio Magalh√£es,s√≥ ir no Google acad√™mico e colocar na busca cloroquina e covid-19 que vem v√°rios,0,FALSE
Douglas Mello Almeidinha,Flavio Magalh√£es,"outra coisa, o reino unido j√° parou de perder tempo com esse rem√©dio",0,FALSE
Flavio Magalh√£es,,"Ja fiz isso...umas 5x. mas ok, cada um com a sua verdade. Eu n√£o uso um medicamento s√≥ pq o presidente quer. Prefiro arriscar sem ele. Mas tbm n√£o quero debate. Abra√ßo",1,FALSE
Flavio Magalh√£es,Douglas Mello Almeidinha,cara... Acho que vc n√£o entendeu que eu sou contra esse rem√©dio tbm... Kkkkk,1,FALSE
Douglas Mello Almeidinha,Flavio Magalh√£es,ok.,0,FALSE
Carolina Pedroso,,"Isso pelo q vi √© verdade, parece q o oms ia retomar os estudos com a cloroquina. Vi algo sobre isso na globo na sexta. Tem que checar e ver se √© ou n√£o verdade.",0,FALSE
Leonardo Santos,Carolina Pedroso,"colocaram terror em m√©dicos para n√£o usar, intimida√ß√µes na quest√£o de perda de crm em casos de morte ...ai alguns recuaram mas alguns baseados em seus argumentos ainda que poucos usaram",0,TRUE
Carolina Pedroso,Leonardo Santos,o problema √© que precisa de estudo e comprova√ß√£o cient√≠fica. Pelo que vi tinha sa√≠do essa pesquisa e a oms parou os testes. Agora vai voltar aos testes. Mas n√£o tem nada de milagre.,1,FALSE
Leonardo Santos,Carolina Pedroso,"concordo com voc√™,mas numa guerra contra o tempo alguns protocolos precisam ser acelerados, este virus veio para mostrar nossa vulnerabilidade mundialmente falando",0,FALSE
Jo√£o Fl√°vio,,Nossa mano... Vc eh mto burro,5,FALSE
Douglas Mello Almeidinha,Jo√£o Fl√°vio Gomes Faria,quem ?,0,FALSE
Diogo Fazolin,,Cloroquina faz mal pessoal... O que faz bem mesmo s√£o as drogas  ü§≠,8,FALSE
Marcos Santos Santana,Diogo Fazolin,q compara√ß√£o...droga sempre fez mal e vicia e altera a pessoa . Cloroquina √© um remedio q tem q usar numa dosagem muito alta para matar o virus entao em muitas pessoas ele pode ate matar pq nem todos tem rins e cora√ß√£o saudavel.,0,FALSE
Ejay Brik Antonio,Marcos Santos Santana,Cloroquina e uma droga tamb√©m.,1,FALSE
Thamara Gabriel,Diogo Fazolin,pessoas t√≥xicas e leigas tbm !,0,FALSE
Thamara Gabriel,Ejay Brik Antonio,"n√£o sabe o que fala ! ""S√≥ fala""",0,FALSE
Caroline Sant'Ana,Diogo Fazolin,kkkkkkkkkkkkk,0,FALSE
Gilberto Rodrigues,,Kkkkkkkkkkkkkkkkkkkk Existe algum idiota q realmente acredita que Bolsonaro est√° um passo na frente da ci√™ncia?‚Ä¶Ver mais,13,FALSE
Douglas Mello Almeidinha,Gilberto Rodrigues,nem em sonho,1,FALSE
Gilberto Rodrigues,Douglas Mello Almeidinha,"Fanatismo venda os olhos, normal. No esporte e segue lista. Mas √© mto triste esse nacionalismo de gaveta e tupiniquim imposto pelo presidente....E convenve gde parte; at√© alguns instru√≠dos...",2,FALSE
Edson Monreal,,Toma cloroquina quem quiser. E n√£o toma quem n√£o quiser. Meu Deus! Quanto drama por isso.,1,FALSE
Adriana Driika,,"Babaca masoquista, deveria se colocar no seu lugar.",0,FALSE
Diogo Fazolin,,"Aiii a CLOROQUINA causa arritmia... E o que aquele whisky com energ√©tico que voc√™ toma nas baladas faz? Me poupem, se m√©dicos defendem o uso da cloroquina j√° no in√≠cio... Se o ex Doria, o infectologista Dr. David Uip e o renomado cardiologista Dr. Rob‚Ä¶Ver mais",9,TRUE
Douglas Mello Almeidinha,Diogo Fazolin,o problema √© que √© uma arritmia severa que pode levar ao √≥bito por parada card√≠aca!,0,FALSE
Diogo Fazolin,,E o que me diz sobre o resto do meu coment√°rio?!?!,1,FALSE
Rafael Mazzieiro,Diogo Fazolin,"eles tomaram v√°rios rem√©dios, dizer que foi a Cloroquina que curou √© irrespons√°vel. A dose da Cloroquina para Covid chega a ser 3 vezes maior que o usado para outras doen√ßas. √â necess√°rio monitoramento do paciente, eletro antes, durante e‚Ä¶Ver mais",1,FALSE
Jorge Pinto,,Para quem n√£o leu - apenas retiraram uma mat√©ria que dizia que a cloroquina matava,1,FALSE
Douglas Mello Almeidinha,Jorge Pinto,"sim, mas existem v√°rios outros artigos que conclu√≠ram o mesmo",0,FALSE
Luiz Gonzaga,,üáßüá∑,0,FALSE
Irismelo Barto,,Gente n√£o √© verdade essa medica√ß√£o e muito perigosa pode causar ataque card√≠aco toma cuidado com medicamentos,3,FALSE
Maria Jose Ponce Ribeiro,,"Est√° medica√ß√£o est√° liberada para uso h√° mais de 60 anos. Usada no tratamento de l√∫pus, mal√°ria, .... O m√©dico vai avaliar se o paciente pode tomar.",0,FALSE
Solange Bento,,"A imagem pode conter: texto que diz ""ESSE MEDICAMENTO PODE CAUSAR: Dist√∫rbios card√≠acos (s√≠ndrome de kounis). pode causar choque anafil√°tico, que podem tornar graves vida em alguns casos fatais. Dist√∫rbios sangue sistema Anemia apl√°stica, leucopenia EMS sulfato de hidroxicloroquina etc. Dist√∫rbios vasculares. Dist√∫rbios Dist√∫rbios gastrintestinais. Dist√∫rbios pele (s√≠ndrome de stevens-johnson) 400 mg USOORAL USOALIDEATDATR.COACMACEGAMOS G Medicamento Gen√©rico VOC√ä ACHA QUE ACABOU DE LER BULA DA HIDROXICLOROQUINA SE ENGANOU. ESSA BULA NOVALGINA. SABE AQUELA TOMA OU FEBRINHA? Vamos parar com a hipocrisia! VENDA S0B M√âDICA Cont√©m 30 comprimidos avestidos""",1,FALSE
Jane Arruda de Siqueira,Solange Bento,Eu jamais poderia tomar!!,0,FALSE
Jane Arruda de Siqueira,Irismelo Barto,"E ainda, o Sr Trump, dizer que toma cloroquina como preven√ß√£o do Covid!! Mentira! Ele √© dono da ind√∫stria da droga. E o bossal de c√°, vende esse peixe, mancomunado com o fabricante.",0,FALSE
Diogo Fazolin,,Quem √© o gado?!?! Teste positivo para mam√£o e bode?‚Ä¶ Ver mais Tanz√¢nia rev√™ testes de coronav√≠rus ap√≥s bode e mam√£o testarem positivo SBT.COM.BR Tanz√¢nia rev√™ testes de coronav√≠rus ap√≥s bode e mam√£o testarem positivo Tanz√¢nia rev√™ testes de coronav√≠rus ap√≥s bode e mam√£o testarem positivo,4,FALSE
Alexandre Correia,,J√° foi verificado e ocorreu erro na manipula√ß√£o dos testes.,0,FALSE
Erik Tavares,,O presidente mandou fazer os testes para desacreditar cientistas e curar COVID com garrafada.,0,FALSE
Patricia Nogueira,,"Queria sinceramente que o presidente tivesse raz√£o pelo menos 1 vez, mas n√£o √© o caso e nunca foi.",7,FALSE
Fabiane Lima,,Eles voltaram a fazer testes. N√£o significa que o medicamento funciona.,6,FALSE
Maria Isabel,,Reproduzir GIF GIPHY,1,FALSE
Maria Isabel,,Reproduzir GIF GIPHY,2,FALSE
Diogo Fazolin,,media1.tenor.co,0,FALSE
Rafael Mazzieiro,Diogo Fazolin,"o √∫nico argumento para Bolsonarista √© o PT  üôÑ vamos discutir id√©ias e parar de idolatrar pol√≠tico, PT e Bolsonaro possuem interesses pr√≥prios.",4,FALSE
Jessica Damasceno,Rafael Mazzieiro,Eles n√£o tem capacidade de fazer um argumento coerente,2,FALSE
Cristiane Montanari,Diogo Fazolin,adoro  ü•∞ com um p√£ozinho fresco kkk nossa del√≠cia,1,FALSE
Bob Silva,,"Cloroquina √© a fake news da morte institucionalizada do governo Bolsonaro. Nesse governo de marginais milicianos, dos testas de ferro do crime organizado das lavanderias fiscais das igrejas, dos agentes da CIA maquiados de l√≠deres religiosos, dos mili‚Ä¶ Ver mais Carlos Wizard diz que governo deve investir R$ 30 milh√µes em cloroquina - CartaCapital CARTACAPITAL.COM.BR Carlos Wizard diz que governo deve investir R$ 30 milh√µes em cloroquina - CartaCapital Carlos Wizard diz que governo deve investir R$ 30 milh√µes em cloroquina - CartaCapital",5,FALSE
Vanessa Soares,Bob Silva,"infelizmente n√£o adianta falar com quem n√£o quer entender. Afinal, pra eles, √© o mundo inteiro que est√° errado e s√≥ Bolsonaro est√° certo.",0,FALSE
Andrew Oliveira,,"Amig@ n√£o passe vergonha! As desculpas s√£o pelo encerramento total de pesquisas. Isso sim √© um erro. Acreditar que Bilorilo √© acertivo s√£o outros quinhentos... Bem burros, por sinal!",15,FALSE
Luana Lucietto,,"Ah sim, o m√©dico presidente tem raz√£o  ü§¢",5,FALSE
Vanessa Soares,Luana Lucietto,afinal n√£o d√° pra contestar quem est√° voltado a s√≥ acreditar no Bolsonaro. #ForaBolsonaro,2,TRUE
Gilberto Rodrigues,,Acooooorda galera. Pelamor!!!!! Sem fanatismo. Encarem racionalmente.,3,FALSE
Carlos Avezzu,,mais uma vez (me mata de rir  ü§£  ü§£  ü§£ ) pa√≠s dos jumentos!!!,9,FALSE
Leonardo Maues,,üëè  üëè  üëè  üëè  üëè,0,FALSE
Jos√© Dias,,N√£o. A cloroquina continua fora. Apenas a hidroxicloroquina deve ser usada em testes. Testes! N√£o uso.,7,FALSE
Tadeu Fernandes,,Bastou Trump querer tirar investimentos que a OMS vai pesquisar mais?!,1,FALSE
Amisterdan Chagas,,Bota o gado pra ser Cobaia,5,FALSE
Maur√≠cio Tadeu Silva,Amisterdan Chagas,precisa n√£o ja ta sendo testada em jumento,2,FALSE
Fatima Stoppelli,,"S√≥ ele tem raz√£o, o mundo est√° errado, os cientistas. O medicamento n√£o foi feito pra esse v√≠rus, tem que ser dosado e o paciente monitorado, pois as doses s√£o altas pra matar o v√≠rus, por isso os efeitos colaterais",3,FALSE
Manyy Moura,,"A imagem pode conter: 1 pessoa, texto que diz ""AL√î BOLSONARISTAS: Fake News n√£o √© liberdade de express√£o Organiza√ß√£o criminosa n√£o √© milit√¢ncia politica""",3,FALSE
Jane Arruda de Siqueira,,"Incr√≠vel como tem pessoas que acreditam em qualquer coisa, mesmo que seja explicado exaustivamente.",5,FALSE
Rodrigo Andreazi,,"N√£o disse nem que sim nem que n√£o. Nada provado. Segura a emo√ß√£o, nelores do Brasil",4,FALSE
Fabiano Capone,,"E tem imbecil que n√£o gosta do Bolsonaro. Por isso o Brasil perde, pelo grande n√∫mero de imbecis que ainda esperam a volta dos pol√≠ticos corruptos que os mant√©m com bolsa esmola.",9,FALSE
Bruna X Fernando,Fabiano Capone,Se vc tiver for um.pouco inteligente n√£o vai ser ladr√£o nem miliciano.,3,FALSE
Fabiano Capone,Bruna X Fernando,"os ladr√µes ja deveriam estar presos, os milicianos se algu√©m provar tudo bem, por enquanto √© s√≥ piada.",0,TRUE
M√¥nica Pinheiro Fernandes,,"A imagem pode conter: uma ou mais pessoas, texto que diz ""Florestan Fernandes. 5min Em 1971, em plena ditadura, os militares ocultaram da popula√ß√£o a epidemia de meningite. A omiss√£o levou ao avan√ßo da doen√ßa por longos 5 anos. Agora, Bolsonaro e seus generais escondem os n√∫meros de v√≠timas da Covid-19 Para matar as saudades dos saudosistas.""",9,FALSE
Thais Costa,,Claro q o burro vai querer enfiar Cloroquina n√© nos jumentos at√© pq ele gastou milh√µes n√© povo burro senhor me der paci√™ncia  ü§¶  üôÜ  üêÇ,11,FALSE
Fabiano Capone,Thais Costa,roubar em respiradores e hospitais de campana pode...kkk,0,FALSE
Fabiano Capone,,"A imagem pode conter: ‚Äé2 pessoas, ‚Äé√≥culos, ‚Äétexto que diz ""‚ÄéOu o DOTO n√£o funciona, ou o v√≠rus n√£o gosta de queijo com cacha√ßa! SEM MISOLAMENTO MINAS GERAIS 255 √ìBITOS @LINCOLNDRUMONDM COM ISOLAMENTO S√ÉO PAULO 6.980 √ìBITOS ŸÜ‚Äé""‚Äé‚Äé‚Äé",1,FALSE
Fabiano Capone,,"A imagem pode conter: 10 pessoas, pessoas em p√©, texto que diz ""Estamos a mais de 500 dias sem roubar!""",1,FALSE
Fabiano Capone,,"A imagem pode conter: comida, texto que diz ""Usamos os melhores ingredientes ntes em NOSSOS LANCHES! #MELHORE #MELHORES LaBellicia LaB icia COZINHA ARTESANAL""",1,FALSE
Fabiano Capone,,"A imagem pode conter: texto que diz ""se eu disser disser que foi o covid-19 voc√™s acredita 0""",1,FALSE
Fabiano Capone,,0:00 / 0:46,1,FALSE
Fabiano Capone,,0:00 / 0:46,1,FALSE
Am√©lia Carmo,Thais Costa,"A imagem pode conter: 8 pessoas, texto que diz ""IN√çCIO PANDEMIA ""Coronav√≠rus √© inven√ß√£o imprensa!"" 1a MORTE ""√â s√≥ uma gripezinha!"" 10 MORTES ""Tenho hist√≥rico de atleta!"" 100 MORTES ""V√£o morrer alguns idosos!"" 1.000 MORTES ""N√£o sou coveiro!"" ............ 10 MIL MORTES ""E da√≠?"" ""A culpa √© dos governadores prefeitos!"" 20 MIL MORTES 35MIL MORTES ""Vamos esconder o n√∫mero mortos!""""",3,FALSE
Thais Costa,Am√©lia Carmo,√â bem isso viu  üòÇ  üòÇ  üòÇ,1,FALSE
Thais Costa,Am√©lia Carmo,Esse cara um lixo e nem discuto mais com quem √© a favor dele √© perca de tempo. Rs,1,FALSE
Thais Costa,Fabiano Capone,FAKE querido isso foi comprovado  üôÑ  üôÑ,1,FALSE
Thais Costa,Fabiano Capone,"A imagem pode conter: texto que diz ""Discordar do presidente n√£o significa apoiar o PT. Existe vida inteligente al√©m dessa disputa.""",1,FALSE
Fabiano Capone,Thais Costa,voc√™ indica quem para ser Presidente do Brasil?,0,FALSE
Fabiano Capone,Am√©lia Carmo,fazer piada √© f√°cil.,0,FALSE
Fabiano Capone,,"A imagem pode conter: texto que diz ""J√° perceberam que n√£o houve mortes em massa de caixas de supermercado, entregadores de pizza e funcion√°rios do transporte p√∫blico por conta do COVID19? Ou a doen√ßa n√£o √© tudo isso, ou eles s√£o alien√≠genas.""",0,FALSE
Fabiano Capone,,Nenhuma descri√ß√£o de foto dispon√≠vel.,0,FALSE
Fabiano Capone,,0:00 / 0:29,0,FALSE
Fabiano Capone,,"A imagem pode conter: 1 pessoa, texto que diz ""6:20 Instagram h√° 19 horas gabrielmonteiropm S√£o Paulo GABRIEL MONTEIRO CAOS EM SAO PAULO DESEMPREGO DISPARANDO MAIOR N√öMERO DE MORTES POR CORONA VIRUS DO PAIS (28x MAIS QUE MINAS PROMOTORIA INVESTIGANDO SUPERFA AMENTO EM COMPRAS DE R$ 500 MILH√ïES EM EM RESI RESPIRADORES GABRIELMONTEIRO GMONTEIRORJ""",0,FALSE
Thais Costa,Fabiano Capone,S√≥ tem meme √©  üòÇ  üòÇ  üòÇ,1,FALSE
Am√©lia Carmo,Fabiano Capone,ate o terraplanista idiota esta pulando do barco 0:00 / 2:15,1,FALSE
Fabiano Capone,,"A imagem pode conter: ‚Äé2 pessoas, ‚Äé√≥culos, ‚Äétexto que diz ""‚ÄéOu o DOTO n√£o funciona, ou o v√≠rus n√£o gosta de queijo com cacha√ßa! SEM MISOLAMENTO MINAS GERAIS 255 √ìBITOS @LINCOLNDRUMONDM COM ISOLAMENTO S√ÉO PAULO 6.980 √ìBITOS ŸÜ‚Äé""‚Äé‚Äé‚Äé",0,FALSE
Thais Costa,Fabiano Capone,üò¥  üò¥  üò¥  üò¥  üò™  üôà  üôâ  üôä,1,FALSE
Thais Costa,Fabiano Capone,Indico vc pra ser presidente.,1,FALSE
Fabiano Capone,,"Voc√™s s√≥ fazendo piada que entendem. Falar s√©rio depois de ver as besteiras que falam, realmente √© perca de tempo.",1,FALSE
Thais Costa,Fabiano Capone,U√© o presidente faz pq eu n√£o posso fazer,1,FALSE
Fabiano Capone,,"E ainda falam que √© o Mito que fala besteira...faz favor, conta outra.",1,FALSE
Fabiano Capone,Thais Costa,porque vc n√£o √©. Simples assim.,0,FALSE
Thais Costa,Fabiano Capone,Meu querido o presidente vive fazendo piadas at√© com as vidas e vcs √© a favor dele e pq vou falar s√©rio com vcs por favor n√©,0,FALSE
Fabiano Capone,Thais Costa,"pra ser presidente precisa aguentar a ignor√¢ncia do povo falando o que pensa sem ajudar em nada .. tem fora. Mas j√° que vc n√£o √© da petezada filha da puta, indica um presidente que vc acredita ser bom ..rs",0,FALSE
Thais Costa,Fabiano Capone,Vcs √© desgastante tem q rir fazer piada vamos discutir sobre oq  ü§∑,1,FALSE
Thais Costa,Fabiano Capone,N√© e a burrice de muitos.,1,FALSE
Fabiano Capone,Thais Costa,qual piada ele fez com vidas?,0,FALSE
Thais Costa,Fabiano Capone,"Vc est√° me xingando vc sabe q isso dar processo n√©, mas n√£o fico admirada n√£o olha a classe q vc √© n√©.",1,FALSE
Thais Costa,Fabiano Capone,T√° vendo a pergunta q vc fez qual piadas eles fez com vidas? √â desgastante falar com gente burra. Kkkk,0,FALSE
Fabiano Capone,Thais Costa,vai estudar e aprender interpreta√ß√£o de texto...kkkk ou vc √© petista agora???,0,FALSE
Thais Costa,Fabiano Capone,N√£o temo nem ministro da sa√∫de cara vc quer discutir oq por favo n√© para de passar vergonha.,1,TRUE
Fabiano Capone,,"Me processa vai l√°, t√¥ implorando...kkkk",0,FALSE
Fabiano Capone,,Aprenda sobre conjuga√ß√£o verbal tbm...,0,FALSE
Thais Costa,Fabiano Capone,Kkkk vc est√° longe de mandar eu estudar n√© querido  üêÇ  üêÇ  üêÇ  üêÇ,0,FALSE
Thais Costa,Fabiano Capone,Meu amor com pessoas igual a vc n√£o fa√ßo nenhum esfor√ßo pra escrita de vdd.,0,FALSE
Fabiano Capone,,Voc√™ me chama de burro? E fala em processo? Onde eu te xinguei?,1,FALSE
Fabiano Capone,,Imbecil. Ignorante.,1,FALSE
Fabiano Capone,,Mobral,1,FALSE
Fabiano Capone,,Agora eu te xinguei...e fodasse. Volta pra escola e para de falar merda e passar vergonha.,0,FALSE
Thais Costa,Fabiano Capone,N√£o tenho tempo pra tipinho de gente igual a vc n√£o eu trabalho sabe se √© que vc saiba oq √© isso n√© trabalho.,0,FALSE
Fabiano Capone,Thais Costa,nem me comparo com gentinha,0,FALSE
Thais Costa,Fabiano Capone,V√° procurar um trabalho cara menti vazia √© oficina do diabo. Kkkkkk,1,FALSE
Fabiano Capone,,"Trabalha? Bom antes de vc trabalhar eu estudei me formei e trabalho a mais de 30 anos...e isso n√£o √© da sua conta, est√°vamos falando sobre o Presidente e voc√™ n√£o sabe escrever nem ler o que eu escrevo...bem esse o perfil da esquerdalha.",0,FALSE
Thais Costa,Fabiano Capone,Deixa eu trabalhar viu gado,0,FALSE
Thais Costa,Fabiano Capone,Grande merda sua forma√ß√£o prestou pra que  ü§∑  ü§∑  ü§∑,0,FALSE
Fabiano Capone,,Trabalhadora...kkmm,0,FALSE
Thais Costa,Fabiano Capone,Tenho nada pra falar desse lixo desse presidente e nem com quem √© a favor dele.,0,FALSE
Thais Costa,Fabiano Capone,Concerteza querido e trabalho pra mim viu tenho o meu neg√≥cio.,1,FALSE
Thais Costa,Fabiano Capone,Trabalho pra ningu√©m n√£o viu a burra  üòÇ  üòÇ  üòÇ  üòÇ,1,FALSE
Fabiano Capone,Thais Costa,"t√° acima o que precisei falar...agora fica a√≠ ""trabalhando"" pra me dar retorno e enquanto isso eu vou curtir meu domingo, porque trabalho pra mim √© de segunda a s√°bado.",0,FALSE
Thais Costa,,"A imagem pode conter: texto que diz ""ELEITOR DE BOLSONARO √â IGUAL A CORNO: A GENTE MOSTRA FOTO, MOSTRA V√çDEO E, NO FIM DAS CONTAS, PERDE UM AMIGO...""",1,FALSE
Thais Costa,Fabiano Capone,V√° dormi louco  üòÇ  üòÇ  üòÇ,1,FALSE
Fabiano Capone,,"Quem trabalha, trabalha para algu√©m, mesmo que n√£o seja para o patr√£o, ser√° para o cliente, paciente etc.",0,FALSE
Thais Costa,Fabiano Capone,Pausar GIF GIPHY,1,FALSE
Fabiano Capone,,"A imagem pode conter: texto que diz ""N√ÉO SOU PETISTA MAAAS... PT""",1,FALSE
Thais Costa,Fabiano Capone,Solta meu anjo querido oxi qual o seu problema. Kkkk,1,FALSE
Thais Costa,Fabiano Capone,Pausar GIF Tenor,1,FALSE
Fabiano Capone,,"A imagem pode conter: texto que diz ""Tem gente que diz ser cabe√ßa aberta... E deve ser verdade. T√£o aberta que o c√©rebro aproveitou e pulou fora.""",0,FALSE
Fabiano Capone,,Nenhuma descri√ß√£o de foto dispon√≠vel.,0,FALSE
Thais Costa,Fabiano Capone,Reproduzir GIF GIPHY,1,FALSE
Fabiano Capone,Thais Costa,Xonou?,1,FALSE
Thais Costa,Fabiano Capone,Solta meu anjo.,0,FALSE
Thais Costa,Fabiano Capone,Xonou por quem nojento  ü§¢  ü§¢,1,FALSE
Fabiano Capone,,Pausar GIF Tenor,0,FALSE
Alex NM,Fabiano Capone,"voc√™ indica quem para ser Presidente do Brasil? Que assuma o Mour√£o. Para isso serve um vice presidente. Mas j√° sei, vc n√£o vai concordar, pois prefere algu√©m do Centr√£o, certo? Reproduzir GIF Tenor",0,TRUE
Evelyn Cristina,Patricia Fiorenttino,olha isso,0,FALSE
Am√©lia Carmo,,"A imagem pode conter: 3 pessoas, pessoas sentadas, texto que diz ""BOLSONARO √â UMA ESC√ìRIA PRA HUMANIDADE Governo tira R$ 83 milh√µes de programa contra extrema pobreza no Nordeste e realoca para publicidades na SECOM FONTE NTE:METROPOLES""",9,FALSE
M√°rio De Melo,,"Meu Deus, ela ainda n√£o entendeu que n√£o pode ser usada?",3,FALSE
M√°rio De Melo,,Partiu curar o mundo agora?,0,FALSE
Luciano Souza Almeida,,"Povo burro , fan√°ticos e doentes.",2,FALSE
Rose Brayan Martins,,Gente parem de brigar por causa disso... Quem n√£o quiser tomar o rem√©dio espera a remessa de vacina gr√°tis l√° d√° China  üòÅ  üëç,1,TRUE
Vinicius Schiezaro,Rose Brayan Martins,ou voc√™ pode tomar e ter um infarto e MORRER como quase aconteceu com meu cunhado.  üòÉ  üëç,6,TRUE
Celia Maria Sikorski,Vinicius Schiezaro,"DIPIRONA tbm infarta. Concordo com vc Rose Brayan Martim, √© tanta briga, mas eu prefiro ficar com a dra. Nise Yamaguchi, dr. Wong, dr. Marcos Andrade, dr.Marcos Menelau e tantos outros que est√£o salvando vidas usando a CLOROQUINA.",2,FALSE
Vinicius Schiezaro,Celia Maria Sikorski,corre l√°! Algu√©m t√° te impedindo?,0,FALSE
Celia Maria Sikorski,Vinicius Schiezaro,ü§¶,0,FALSE
Luciano Souza Almeida,,Eita povo fan√°tico.  üòÇ  üòÇ,0,FALSE
Quelis Brito,,"Isso n√£o invalida os resultados anteriores que foram bem conduzidos, que foram publicados nas outras revistas, e todos indicam para o n√£o funcionamento da hidroxicloroquina, com a azitromicina ou sem, destaca Pasternak. ""As conclus√µes que a gente tem‚Ä¶Ver mais",9,FALSE
Fernanda Oliveira,,Gado vai tomar,4,FALSE
Rodrigo Cunha,,O √∫nico estudo A FAVOR foi retirado do ar. Continuem a√≠ bostejando bando de gado.,13,FALSE
Eidi Margani,,‚ÄúMais uma vez‚Äù  ü§£  ü§£  ü§£,2,FALSE
Andreia Macedo,,Covid-19 ainda n√£o tem cura!,2,FALSE
Fernanda Oliveira,Andreia Macedo,"bovid 17 √© pior,ta doido povo louco",2,FALSE
Dina Maria,,"S√≥ bolsonazi tem o conhecimento, o resto do mundo est√° perdendo por n√£o ter a intelig√™ncia dele...",9,FALSE
Iury Camargo,Dina Maria,kkkkkkkkkkk Cientistas e m√©dicos do mundo inteiro que estudaram a vida toda dizem que cloroquina n√£o presta e s√≥ o Bolsonazi t√° certo kkkkkk,1,FALSE
Dina Maria,Iury Camargo,g√™nio ele!!!! A gente que n√£o valoriza o presidente que tem!,0,FALSE
Leide Menezes,,Quanta ignor√¢ncia,1,FALSE
Camila Juliana de Moraes,,"Por mim q enfiem cloroquina at√© no cu e morram.... tenho L√∫pus eritematoso sist√™mico e n√£o consigo mais encontrar o medicamento por causa desse bando de FDP q saiu comprando  üò† na minha cidade nenhuma farm√°cia tem, uma amg j√° est√° sem... Quem realmente ‚Ä¶Ver mais",19,FALSE
Lene Costa,Camila Juliana de Moraes,"quem mandou suspender o rem√©dio foram os governadores, cobra o governador da sua cidade.....",0,FALSE
Elaine Teixeira,Camila Juliana de Moraes,eu tenho visto pessoas falando que v√£o tomar por precau√ß√£o!,1,FALSE
Elaine Teixeira,Lene Costa,"n√£o fia foi a OMS ok. Pq o uso estava descontrolado, tem pessoas tomando por precau√ß√£o!",1,FALSE
Camila Juliana de Moraes,,"Independente de quem mandou suspender foi por quem saiu comprando sem precisar.... J√° cobrei td mundo q tinha pra cobrar e falaram ""n√£o podemos fazer nada""...",1,FALSE
Lene Costa,Elaine Teixeira,"mais os governadores tamb√©m, tudo combinado,nƒÅo aceitaram o decreto para o uso....",0,FALSE
Iury Camargo,Elaine Teixeira,suspenderam o uso para quem nao √© indicado!!,2,FALSE
Elaine Teixeira,Iury Camargo,foda q tem gente t√° tomando por precau√ß√£o  üôÑ,0,FALSE
Giane Fernandes,Lene Costa,"claro q n√£o, qual a comprova√ß√£o cient√≠fica de que funciona? Pelo amor de Deus!",1,FALSE
Elisabete Martins,,Fake,1,FALSE
Elaine Teixeira,,Kkkkkkk e d√°-le cloroquina no fiof√≥ de td mundo.,1,FALSE
Madalena Andrade,,"A imagem pode conter: texto que diz ""os ""PROBLEMAS"" DA CLOROQUINA N√ÉO TEM PATENTE! que n√£o d√° muito lucro para grandes ind√∫strias",7,FALSE
Marcos Santos Santana,Madalena Andrade,eua se livrou de uma grande carga e mandou para o brasil q quer muito usar.,1,FALSE
Beatriz Lins,,O verdadeiro chupador de rola de Bozo,7,FALSE
Chidemar Franklin,,#ForaMaia #foramaia . #forarodrigomaia #foratoffoli ‚Ä¶Ver mais,3,FALSE
Eul√°lia Alves Foga√ßa,Chidemar Franklin,0:00 / 0:08,0,FALSE
Camila Pavan Suzuki,,"Pelo menos o pt pagava 50 reais p povo passar vergonha, j√° voc√™s passam vergonha de gra√ßa!",0,FALSE
Marco Aurelio Cattani,,"- √î suas antas analfabetas, os cientistas pediram desculpas por terem se baseados em estudos inconclusivos e declarado que a ‚Äúcorociclina‚Äù seria eficaz contra o Covid-19, como alardeava o genocida esquisofr√™nico do Bolsonaro  üíÄ !",21,TRUE
Carolina Pedroso,Marco Aurelio Cattani,tem nada disso. Apenas v√£o continuar os estudos. Pega e j√° vai tomando a cloroquina. De repente te ajuda!!!!,4,FALSE
Jack de Jesus,,"Estudos s√£o assim, precisam ser analisados e comprovados por cientistas antes de afirmar com tamanha certeza. N√£o √© um besta leigo que tem raz√£o de nada.",0,TRUE
Jeanne Gonliver,,efeitos colaterais da cloroquina ainda s√£o alvos de estudo,0,FALSE
Gilberto Rodrigues,,"Cloroquina nao foi desenvolvida para salvar o homem, em que pese com avan√ßo da cielncia possa ser utilizada para esse fim. Cloroquina √© usada pra salvar esse desgoverno. Qto mais mortes de idosos menos aposentadoria pro governo pagar. ‚Ä¶Ver mais",8,FALSE
Marcos Santos Santana,Gilberto Rodrigues,fato,1,FALSE
Tony Elton,,"E a China fica onde? Homem, tmnc. Tudo √© culpa do governo, at√© a irresponsabilidade estrangeira.",0,FALSE
Gilberto Rodrigues,,"Bolsonaro, calado t√° errado. Ele e sua tropa de zumbis fan√°ticos...",0,FALSE
Maria Regina R√™,,"Meu filho mora na Dinamarca e l√° o Governo suspendeu as pesquisas com o cloroquina, chegaram a conclus√£o que s√≥ piora!",6,FALSE
Douglas Mello Almeidinha,Maria Regina R√™,s√≥ aqui que o governo fica dando murro em ponta de faca,3,FALSE
Jos√© Artur de Souza,Maria Regina R√™,Nenhuma descri√ß√£o de foto dispon√≠vel.,1,FALSE
Kelly Yllek,Maria Regina R√™,no Reino unido est√£o fazendo estudos https://www.dw.com/es/reino-unido-testean-f%C3%A1rmaco-contra-la-malaria-para-combatir-el-coronavirus/a-53525047 Reino Unido: testean f√°rmaco contra la malaria para combatir el coronavirus | DW | 21.05.2020 DW.COM Reino Unido: testean f√°rmaco contra la malaria para combatir el coronavirus | DW | 21.05.2020 Reino Unido: testean f√°rmaco contra la malaria para combatir el coronavirus | DW | 21.05.2020,0,FALSE
Jessika De Moura Rego Mello,,#ForaBolsonaro,0,FALSE
Tony Elton,Jessika De Moura Rego Mello,teu cu,0,FALSE
Dias Alm DE Ita√≥ca-sp Ozias,Essa cloroquina ajuda no exterminio da popula√ß√£o,5,0,FALSE
Fabiano Capone,Dias Alm DE Ita√≥ca-sp Ozias,voc√™ tem alguma outra alternativa que funciona?,2,FALSE
Sheila Moura,,"O rem√©dio n√£o teve efic√°cia comprovada. Voc√™s realmente tem dificuldade em estudar, nem um texto curto conseguem ler.",9,FALSE
Douglas Mello Almeidinha,Sheila Moura,"pois √©. Eles acham que porque um estudo foi invalidado, os outros tamb√©m foram invalidados por tabela!",1,FALSE
Diogo Fazolin,Sheila Moura,"pergunta da efic√°cia dele para o Dr. David Uip... Ah, n√£o esse n√£o fala para o povo o rem√©dio que ele tomou... Bom, pergunta para o cardiologista Dr. Roberto Kalil...",2,TRUE
Sheila Moura,Douglas Mello Almeidinha,Dif√≠cil dizer algo pra quem exp√µe orgulhoso a ignor√¢ncia.,1,FALSE
Sheila Moura,,"Me baseio no que diz a ci√™ncia. Quando todos os testes provarem a efic√°cia do medicamento no combate a essa doen√ßa, considerarei que sim ele pode ser usado. Que ser√° segura a sua prescri√ß√£o pra ajudar o povo. Enquanto isso n√£o acontece, como saberei, n‚Ä¶Ver mais",2,FALSE
Rita Delazari,Sheila Moura,"A imagem pode conter: ‚Äéuma ou mais pessoas, ‚Äétexto que diz ""‚Äé11:13 ŸÖŸá 79% Publica√ß√£o tonibritonutri dP Jovem Pan OMS se desculpa por controv√©rsias em pesquisas sobre hidroxicloroquina Jovem Pan 19 horas atr√°s‚Äé""‚Äé‚Äé",0,FALSE
Rita Delazari,,"A imagem pode conter: texto que diz ""Covid19 9...a luta continua! tonibritonutri rfi Autores do estudo da revista The Lancet que criticava hi- droxicloroquina pedem des- culpas Publicado 05/06/2020 Geietles Be–∏iies contentfre THE LANCET Searchfor Audie tonibritonutri Queeee faseeeeeeee #thelance Fico triste ao. mais""",0,FALSE
Rita Delazari,,Nenhuma descri√ß√£o de foto dispon√≠vel.,0,FALSE
Sheila Moura,,"Minha senhora amaria que me dissessem que os cientistas descobriram que Doril tem efeito no tratamento dessa doen√ßa. Doril, Anador, Cloroquina, qualquer coisa. Infelizmente nao foi isso que aconteceu. As desculpas da OMS s√£o em fun√ß√£o da seriedade com ‚Ä¶Ver mais",1,FALSE
Sheila Moura,,Essa aten√ß√£o √© que as pessoas precisam ter quando leem ou ouvem as not√≠cias. Tenho certeza que todos vamos amar que esse remedio tenha eficacia comprovada por cientistas. Ninguem quer ver o povo morrendo aos milhares. Ninguem quer continuar nessa angu‚Ä¶Ver mais,1,FALSE
Corouna Esmeralda,Sheila Moura,Concordo plenamente.,1,FALSE
Sheila Moura,Corouna Esmeralda,Se cuide a√≠!,1,FALSE
Rafael Ol,,Bolsonaro s√≥ tem raz√£o que n√£o ser√° nunca mais presidente aqui no Brasil...,5,FALSE
Ana Carolina,Rafael Ol,√¥ d√≥,0,FALSE
Tony Elton,,"Quem vai ser, LULA? ACEITA QUE D√ìI MENOS",0,FALSE
Jos√© Silv√©rio Jr.,,Ningu√©m leu a mat√©ria???,0,FALSE
Mi Trindade,,Mesmo quando ele tem raz√£o ele est√° errado ! Lixo,3,FALSE
Edite Sales,,Bolsonaro 2022,6,FALSE
Camila Dantas,,"N√£o dou raz√£o pra pol√≠tico nunca, pq √© isso q eles querem, eles n√£o pouco se lixando pra gente!!",3,FALSE
Marlene Caldin,,De onde saiu esse jornal??,0,FALSE
Marcos Araujo Santos,,Vai gado!!!,1,FALSE
Alex NM,,"A imagem pode conter: 1 pessoa, texto que diz ""Pedro Penseiro @PedroLColli ""L√≥gica"" do bolsominion: Se os especialistas, que estudam o assunto h√° anos, n√£o t√™m certeza sobre determinados aspectos da Covid-19 ent√£o √© melhor acreditar no presidente que nunca pisou numa universidade.""",6,FALSE
Gilvani Somar Ramosprocopio,,"Est√£o mais perdidos que cego em tiroteio, cad√™ os g√™nios? Estamos vivendo uma prova a qual s√≥ Deus pode nos ajudar.",0,FALSE
Marcelo Expedito Soares,,"a doenca esta sendo estudada ainda, em plena pandemia",0,FALSE
Luiz Duarte,,https://m.facebook.com/story.php?story_fbid=142404497365519&id=111037913835511 OX√çMETRO de DEDO pronta entrega,0,FALSE
Corouna Esmeralda,,"Ah, coitado.",0,FALSE
Lec√£o AX,,"A imagem pode conter: texto que diz ""COMO USAR A CLOROQUINA BOZO TIRE DA EMBALAGEM LUBRIFIQUE ŒüŒπ COLOQUE 0 BOLSOMINION NESSA POSI√áƒÇ ABRA O RABO RABO DELE DELE ENFIE AC CLOROQUINA NO RABO DELE MITO! LVALDAR UM GRITINHO Œø""",2,FALSE
Wanda Ayala,,"A imagem pode conter: texto que diz ""Meu pr√≥ximo animal de estima√ß√£o vai ser um bolsominion! Pensa num bicho que defende Œø dono a qualquer custo!""",2,FALSE
Arizla Villela,Wanda Ayala,Animal de estima√ß√£o √© um bichinho bom.leal. N√£o se pode cimparar com um sujeito do mau.,0,FALSE
Wanda Ayala,Arizla Villela,", por isso mesmo! S√≥ v√™ o dono pela frente!  üòÇ  üòÇ",1,FALSE
Arizla Villela,Wanda Ayala,tem raz√£o.kkkk,1,FALSE
Arizla Villela,,A ignor√¢ncia √© pior do que o covid. Cega e emburrece,0,FALSE
Maria Jos√© Dutilh Pinheiro Alves,,S√≥ lamento,0,FALSE
Carlos Henrique,,"Ele sempre teve raz√£o. S√≥ que n√£o. A imagem pode conter: 8 pessoas, texto que diz ""IN√çCIO PANDEMIA ""Coronav√≠rus √© inven√ß√£o da imprensa!"" 1a MORTE ""√â s√≥ uma gripezinha!"" 10 MORTES ""Tenho hist√≥rico de atleta!' 100 MORTES ""V√£o morrer alguns idosos!"" 1.000 MORTES ""N√£o sou coveiro!"" ............. 10 MIL MORTES ""E da√≠?"" 20 MIL MORTES governadores prefeitos! ""A culpa √© dos 35MIL MORTES ""Vamos esconder 0 n√∫mero mortos!""""",1,FALSE
Fabiano Capone,,"primeiro que o GRipezinha foi a globo que come√ßou, segundo que o E dai foi um resposta a compara√ßao com a CHINA e para fechar, me fala qual remedio tem nos paises de primeiro mundo que aqui nao foi usado....",0,FALSE
Larissa De Oliveira Lima,,Fora Bolsonaro Genocida,0,FALSE
Rene Verissimo,,"Nao , ele nao tem raz√£o",0,FALSE
Edilson M Carvalho,,Parece que o Trunpp tamb√©m t√™m raz√£o!!! Suspendeu o uso da CLOAQUINA por l√° e ir√° exportar para o Brasil sil sil sil o lixo t√≥xicos de l√°.,0,FALSE