,Termo,Frequ√™ncia Absoluta,Frequ√™ncia Relativa (%)
102,ü§£,51,2.58
24,cloroquina,47,2.37
12,bolsonaro,47,2.37
45,m√©dico,39,1.97
8,ser,36,1.82
49,deus,35,1.77
26,presidente,30,1.52
57,uso,28,1.41
4,gente,23,1.16
1,agora,21,1.06
58,recomenda,20,1.01
76,diz,19,0.96
16,m√©dicos,19,0.96
126,aqui,18,0.91
192,covid,17,0.86
47,povo,17,0.86
28,pessoas,17,0.86
50,fazer,17,0.86
718,beira,15,0.76
719,mar,15,0.76
92,brasil,15,0.76
154,bem,15,0.76
717,citado,15,0.76
528,falar,15,0.76
93,anos,14,0.71
172,hidroxicloroquina,14,0.71
383,rem√©dio,14,0.71
416,pt,14,0.71
404,fez,14,0.71
525,coisas,13,0.66
519,verdade,13,0.66
144,tratamento,13,0.66
630,toma,13,0.66
170,m√©dica,13,0.66
333,sabe,13,0.66
409,cara,13,0.66
1094,todos,12,0.61
14,certo,12,0.61
759,sa√∫de,12,0.61
403,nunca,12,0.61
6,vergonha,12,0.61
111,melhor,12,0.61
130,parecer,11,0.56
569,texto,11,0.56
526,fala,11,0.56
22,mal,11,0.56
209,ver,11,0.56
71,recomendar,10,0.51
550,pessoa,10,0.51
436,faz,10,0.51
56,favor,10,0.51
80,tempo,10,0.51
486,bom,10,0.51
422,contra,10,0.51
870,vamos,10,0.51
194,menos,10,0.51
606,nada,10,0.51
10,lula,9,0.45
922,fazendo,9,0.45
273,estudo,9,0.45
59,vcs,9,0.45
374,mundo,9,0.45
173,cascavel,9,0.45
1297,ü§¨,9,0.45
330,vezes,9,0.45
94,kkkkk,8,0.4
434,pol√≠tico,8,0.4
90,hcq,8,0.4
540,ningu√©m,8,0.4
789,pol√≠tica,8,0.4
232,doen√ßa,8,0.4
990,homem,8,0.4
117,pa√≠s,8,0.4
313,ivermectina,8,0.4
488,deveria,8,0.4
131,favor√°vel,8,0.4
1034,medicamento,8,0.4
105,sei,7,0.35
121,v√≠rus,7,0.35
171,protocolo,7,0.35
799,porque,7,0.35
39,sempre,7,0.35
1068,oms,7,0.35
469,hist√≥ria,7,0.35
460,falando,7,0.35
1170,vida,7,0.35
184,vidas,7,0.35
405,propaganda,7,0.35
241,casos,7,0.35
602,dia,7,0.35
46,kkkk,7,0.35
186,meio,7,0.35
376,usa,7,0.35
1003,precisa,7,0.35
82,tomar,7,0.35
649,hospital,7,0.35
721,si,6,0.3
548,sistema,6,0.3
973,ü§∑üèº‚Äç‚ôÄÔ∏è,6,0.3
727,üòÜ,6,0.3
594,procurar,6,0.3
280,medicina,6,0.3
256,grupo,6,0.3
1955,victormilliose,6,0.3
253,inferno,6,0.3
830,defendeu,6,0.3
1496,retardado,6,0.3
168,discutir,6,0.3
180,pandemia,6,0.3
638,remdesivir,6,0.3
364,usar,6,0.3
51,tomou,6,0.3
84,viu,6,0.3
393,kkk,6,0.3
188,achar,6,0.3
38,cabe√ßa,6,0.3
484,querem,6,0.3
236,paz,6,0.3
174,cgn,6,0.3
169,associa√ß√£o,6,0.3
344,mat√©ria,6,0.3
761,mundial,5,0.25
211,globo,5,0.25
138,acha,5,0.25
191,refer√™ncia,5,0.25
1339,nome,5,0.25
145,pacientes,5,0.25
271,cego,5,0.25
928,chamada,5,0.25
749,muitos,5,0.25
628,üôÑ,5,0.25
257,zap,5,0.25
518,governo,5,0.25
137,mortalidade,5,0.25
358,idiota,5,0.25
91,pau,5,0.25
107,existe,5,0.25
554,guerra,5,0.25
908,errado,5,0.25
310,boa,5,0.25
341,livre,5,0.25
998,maioria,5,0.25
447,acho,5,0.25
305,dias,5,0.25
1124,caso,5,0.25
86,tomando,5,0.25
424,apoiar,5,0.25
79,ci√™ncia,5,0.25
366,l√™,5,0.25
1097,ficou,5,0.25
505,realmente,5,0.25
1611,responder,4,0.2
365,medica√ß√£o,4,0.2
1399,ü§¶üèª‚Äç‚ôÄÔ∏è,4,0.2
437,vivo,4,0.2
235,fica,4,0.2
1139,certeza,4,0.2
674,pior,4,0.2
228,ler,4,0.2
1610,curtir,4,0.2
205,tranquilo,4,0.2
1030,pa√≠ses,4,0.2
626,quis,4,0.2
1031,grandes,4,0.2
425,resposta,4,0.2
572,novo,4,0.2
1383,corruptos,4,0.2
431,alguma,4,0.2
1602,santos,4,0.2
768,postura,4,0.2
1601,cristina,4,0.2
1112,mortes,4,0.2
1816,recordes,4,0.2
629,recomendo,4,0.2
607,disso,4,0.2
269,print,4,0.2
1467,mimimi,4,0.2
705,traficantes,4,0.2
288,colocar,4,0.2
1107,qdo,4,0.2
1704,bula,4,0.2
298,imagina,4,0.2
410,vi,4,0.2
691,honesto,4,0.2
274,covid-19,4,0.2
399,recomendando,4,0.2
375,inteiro,4,0.2
429,nenhum,4,0.2
687,negativo,4,0.2
985,rede,4,0.2
1815,bater,4,0.2
372,sai,4,0.2
1336,mandou,4,0.2
461,merda,4,0.2
318,infelizmente,4,0.2
631,quiser,4,0.2
441,cientificamente,4,0.2
613,rid√≠culo,4,0.2
729,dando,4,0.2
327,sabia,4,0.2
251,üò±,4,0.2
439,casa,4,0.2
329,desculpa,4,0.2
1400,conhece,4,0.2
593,manda,4,0.2
476,dilma,4,0.2
802,palha√ßo,4,0.2
935,mudar,4,0.2
1501,üëèüèæ,4,0.2
485,dif√≠cil,4,0.2
559,estar,4,0.2
521,parece,4,0.2
1504,perfil,4,0.2
852,p√©,4,0.2
1280,gra√ßas,4,0.2
166,ü§∑üèæ‚Äç‚ôÇÔ∏è,4,0.2
65,claro,4,0.2
164,efic√°cia,4,0.2
800,ajuda,4,0.2
492,pmdb,4,0.2
1215,u√©,4,0.2
561,votei,4,0.2
70,receita,4,0.2
72,receitar,4,0.2
73,pena,4,0.2
809,sensato,4,0.2
929,tendenciosa,4,0.2
543,v√™,4,0.2
150,rio,4,0.2
1595,cavalo,4,0.2
127,cidade,4,0.2
818,morte,4,0.2
781,desde,4,0.2
123,v√°rias,4,0.2
18,rem√©dios,4,0.2
1048,poder,4,0.2
942,üò•,4,0.2
106,dizendo,4,0.2
1035,outras,4,0.2
104,√°rea,4,0.2
651,estados,3,0.15
1676,n√≠vel,3,0.15
1011,causa,3,0.15
323,humano,3,0.15
1564,m√£o,3,0.15
644,medicamentos,3,0.15
1680,jumento,3,0.15
81,normal,3,0.15
442,argumentos,3,0.15
115,por√©m,3,0.15
1945,internacional,3,0.15
320,uti,3,0.15
114,exatamente,3,0.15
1231,nico,3,0.15
1065,buttar,3,0.15
595,ficam,3,0.15
98,uns,3,0.15
332,alguns,3,0.15
1067,nivel,3,0.15
1230,tem√°tica,3,0.15
1144,amigo,3,0.15
919,ministro,3,0.15
357,pr,3,0.15
1066,fraude,3,0.15
996,reproduzir,3,0.15
671,morrer,3,0.15
1366,filhote,3,0.15
1943,temor,3,0.15
1944,tribunal,3,0.15
435,leu,3,0.15
1232,sade,3,0.15
991,jesus,3,0.15
772,mostrar,3,0.15
77,ü§¶‚Äç‚ôÄÔ∏è,3,0.15
19,apoio,3,0.15
619,isolamento,3,0.15
541,atual,3,0.15
1109,cima,3,0.15
601,duas,3,0.15
1967,coronav√≠rus,3,0.15
1968,deleta,3,0.15
1969,divulga√ß√£o,3,0.15
614,compra,3,0.15
879,tanto,3,0.15
32,saco,3,0.15
529,pensa,3,0.15
1104,obvio,3,0.15
408,igual,3,0.15
1258,√≥dio,3,0.15
1260,eficaz,3,0.15
604,equipe,3,0.15
1261,leves,3,0.15
531,ganhar,3,0.15
1055,nessa,3,0.15
868,postagem,3,0.15
1064,rashid,3,0.15
1120,cuidar,3,0.15
641,azitromicina,3,0.15
843,doente,3,0.15
639,rico,3,0.15
986,nacional,3,0.15
1063,entrevista,3,0.15
510,ignor√¢ncia,3,0.15
368,opini√£o,3,0.15
66,ü§∑‚Äç‚ôÇÔ∏è,3,0.15
1426,perder,3,0.15
627,recomendou,3,0.15
60,c√©rebro,3,0.15
55,conhe√ßo,3,0.15
377,porra,3,0.15
379,estado,3,0.15
382,tome,3,0.15
857,resultados,3,0.15
861,vive,3,0.15
1380,cora√ß√£o,3,0.15
1069,cdc,3,0.15
311,noite,3,0.15
1070,bill,3,0.15
248,daqui,3,0.15
239,deixar,3,0.15
1182,üôè,3,0.15
167,f√°cil,3,0.15
1181,feliz,3,0.15
467,ficar,3,0.15
244,üò®,3,0.15
740,ü§∑üèª‚Äç‚ôÄÔ∏è,3,0.15
246,linha,3,0.15
1029,v√°rios,3,0.15
153,sus,3,0.15
797,quest√£o,3,0.15
1471,vacina,3,0.15
1071,gates,3,0.15
563,segundo,3,0.15
263,tia,3,0.15
156,m√≠nimo,3,0.15
1632,trabalhar,3,0.15
1025,antibi√≥ticos,3,0.15
237,mito,3,0.15
934,justi√ßa,3,0.15
566,perguntei,3,0.15
1614,4h,3,0.15
1390,podre,3,0.15
203,sp,3,0.15
1317,direito,3,0.15
200,negacionista,3,0.15
213,filho,3,0.15
943,oque,3,0.15
763,chamar,3,0.15
760,crise,3,0.15
219,falta,3,0.15
195,eua,3,0.15
1190,salvou,3,0.15
757,levar,3,0.15
782,primeiro,3,0.15
479,pegam,3,0.15
481,frase,3,0.15
567,obtive,3,0.15
936,forma,3,0.15
267,pessoal,3,0.15
258,bolsonarista,3,0.15
151,taxa,3,0.15
285,humanos,3,0.15
139,einstein,3,0.15
1708,alterar,3,0.15
136,usaram,3,0.15
453,saber,3,0.15
1073,comunicaci√≥n,3,0.15
1158,tomo,3,0.15
296,baseada,3,0.15
297,evid√™ncias,3,0.15
1570,maligno,3,0.15
1089,sair,3,0.15
1156,chegou,3,0.15
1707,tentou,3,0.15
128,mil,3,0.15
449,ruim,3,0.15
1024,comprovado,3,0.15
445,petista,3,0.15
207,quase,3,0.15
312,perguntar,3,0.15
1072,medios,3,0.15
1709,decreto,3,0.15
1638,todas,3,0.15
587,burro,3,0.15
1710,mandetta,3,0.15
148,hospitais,3,0.15
808,procure,3,0.15
275,ajude,3,0.15
967,tipo,3,0.15
278,s√©ria,3,0.15
140,proibido,3,0.15
443,üòò,3,0.15
1468,m√≠dia,3,0.15
549,imunol√≥gico,2,0.1
1036,interesse,2,0.1
545,podemos,2,0.1
600,exames,2,0.1
597,fato,2,0.1
1703,embora,2,0.1
1039,pouco,2,0.1
558,posicionar,2,0.1
1705,live,2,0.1
1026,especialistas,2,0.1
571,asneira,2,0.1
1044,tantos,2,0.1
562,nele,2,0.1
596,batendo,2,0.1
1028,aprova,2,0.1
1033,divulgam,2,0.1
546,biologia,2,0.1
581,sorte,2,0.1
599,realidade,2,0.1
556,inteligentes,2,0.1
579,fim,2,0.1
578,kkkkkkkkk,2,0.1
560,inteligente,2,0.1
574,alian√ßa,2,0.1
722,montagem,2,0.1
1702,orientar,2,0.1
914,social,2,0.1
833,critica,2,0.1
827,leiam,2,0.1
1565,igreja,2,0.1
824,palco,2,0.1
823,medico,2,0.1
1567,aberra√ß√£o,2,0.1
819,apoiador,2,0.1
816,cert√≠ssimo,2,0.1
1497,retardados,2,0.1
813,milh√µes,2,0.1
926,turma,2,0.1
1495,üëè,2,0.1
807,pergunta,2,0.1
930,nesse,2,0.1
801,2022,2,0.1
932,continua,2,0.1
796,al√©m,2,0.1
1581,tal,2,0.1
1583,cuida,2,0.1
791,rua,2,0.1
1587,libertar,2,0.1
937,chato,2,0.1
938,perdido,2,0.1
1492,vivem,2,0.1
780,coveiro,2,0.1
1503,retardada,2,0.1
1505,odeia,2,0.1
1600,triste,2,0.1
911,her√≥i,2,0.1
1528,xinga,2,0.1
1521,sequer,2,0.1
881,üòÇ,2,0.1
880,gado,2,0.1
878,poss√≠vel,2,0.1
876,virem,2,0.1
1519,burra,2,0.1
1534,argumentar,2,0.1
872,üòÅ,2,0.1
895,messias,2,0.1
898,pesquisas,2,0.1
865,chatos,2,0.1
864,parem,2,0.1
900,maravilha,2,0.1
1541,igrejas,2,0.1
1543,julgamento,2,0.1
855,prescrevendo,2,0.1
854,tomaria,2,0.1
850,bebe,2,0.1
1547,medo,2,0.1
848,seguinte,2,0.1
905,tratando,2,0.1
1509,religiosos,2,0.1
1508,endemoniada,2,0.1
1554,fia,2,0.1
1489,precisam,2,0.1
762,l√≠der,2,0.1
609,corpo,2,0.1
693,queria,2,0.1
684,positivo,2,0.1
683,daria,2,0.1
682,exame,2,0.1
987,mentiroso,2,0.1
1457,fa√ßa,2,0.1
678,bando,2,0.1
676,fabricar,2,0.1
1663,deixem,2,0.1
1665,poupe,2,0.1
669,custa,2,0.1
1678,bolsoidita,2,0.1
654,valor,2,0.1
647,paciente,2,0.1
640,continuo,2,0.1
1439,julgando,2,0.1
1690,redes,2,0.1
1691,sociais,2,0.1
633,comprova√ß√£o,2,0.1
1014,frente,2,0.1
1694,condi√ß√µes,2,0.1
618,defendendo,2,0.1
1020,prefiro,2,0.1
616,popula√ß√£o,2,0.1
611,ü§Æ,2,0.1
610,nojento,2,0.1
1460,pr√≥prio,2,0.1
976,caixinhas,2,0.1
758,lado,2,0.1
700,rombos,2,0.1
755,deixe,2,0.1
1607,michele,2,0.1
753,fanatismo,2,0.1
1608,prando,2,0.1
1615,marcelo,2,0.1
743,fizeram,2,0.1
1616,souto,2,0.1
1477,encher,2,0.1
957,cavalcante,2,0.1
1620,recomendado,2,0.1
1623,p√∫blicos,2,0.1
965,jogada,2,0.1
966,marketing,2,0.1
1631,corrup√ß√£o,2,0.1
535,generalizar,2,0.1
1635,uni√£o,2,0.1
1637,cancelou,2,0.1
712,filhos,2,0.1
710,seguran√ßa,2,0.1
709,mudou,2,0.1
970,nela,2,0.1
1640,acabou,2,0.1
972,acham,2,0.1
1643,dizem,2,0.1
974,querida,2,0.1
1419,vejo,2,0.1
632,resumindo,2,0.1
1526,xingando,2,0.1
1235,acompanham,2,0.1
1817,bolsa,2,0.1
88,dose,2,0.1
1121,busca,2,0.1
362,funciona,2,0.1
1377,polida,2,0.1
1123,briga,2,0.1
265,gentileza,2,0.1
355,subindo,2,0.1
282,pros,2,0.1
1168,chega,2,0.1
276,salvar,2,0.1
108,situa√ß√£o,2,0.1
110,metan√°lise,2,0.1
1314,tortura,2,0.1
281,achismo,2,0.1
351,publica,2,0.1
1337,parab√©ns,2,0.1
378,indica,2,0.1
381,querendo,2,0.1
1117,talvez,2,0.1
1281,curados,2,0.1
206,momento,2,0.1
67,prescreve,2,0.1
1207,digo,2,0.1
1111,recomendam,2,0.1
255,filha,2,0.1
69,palavras,2,0.1
391,v√≠deos,2,0.1
75,distorcem,2,0.1
1176,enfim,2,0.1
78,distorce,2,0.1
204,usando,2,0.1
1809,ano,2,0.1
1810,baixar,2,0.1
385,cura,2,0.1
1201,bam,2,0.1
1930,confio,2,0.1
411,tanta,2,0.1
1304,mesma,2,0.1
1216,ir√¥nico,2,0.1
1214,lixo,2,0.1
317,curar,2,0.1
316,dizia,2,0.1
1303,acredita,2,0.1
314,neste,2,0.1
162,acredito,2,0.1
308,nova,2,0.1
1829,aumentar,2,0.1
175,cgn.inf.br,2,0.1
176,tirou,2,0.1
185,salvas,2,0.1
177,informa√ß√µes,2,0.1
1854,maior,2,0.1
1307,√°gua,2,0.1
1353,ai5,2,0.1
1348,compram,2,0.1
293,pouquinho,2,0.1
325,desculpe,2,0.1
155,altas,2,0.1
122,sofreu,2,0.1
1929,risco,2,0.1
125,chegar,2,0.1
1295,jamais,2,0.1
132,funcionou,2,0.1
1051,meses,2,0.1
1924,estoy,2,0.1
1134,s√≠rio,2,0.1
1137,profissionais,2,0.1
1922,estaduais,2,0.1
1921,governos,2,0.1
1837,acabar,2,0.1
291,üôÜ,2,0.1
149,particulares,2,0.1
292,esfor√ßa,2,0.1
61,nenhuma,2,0.1
398,seguidores,2,0.1
181,maia,2,0.1
1244,lindo,2,0.1
520,imbecil,2,0.1
238,hj,2,0.1
1962,espelho,2,0.1
243,√≥bitos,2,0.1
475,mandatos,2,0.1
1415,tantas,2,0.1
473,dois,2,0.1
1056,atr√°s,2,0.1
472,negar,2,0.1
36,fontes,2,0.1
471,gosta,2,0.1
1257,for√ßa,2,0.1
1082,logo,2,0.1
1772,curada,2,0.1
483,interpreta√ß√£o,2,0.1
229,artigos,2,0.1
1060,doen√ßas,2,0.1
1759,üòì,2,0.1
1059,hist√≥rico,2,0.1
1061,diferen√ßa,2,0.1
23,bosta,2,0.1
507,sido,2,0.1
506,culpa,2,0.1
1193,nordeste,2,0.1
495,fernando,2,0.1
1328,gay,2,0.1
1761,it√°lia,2,0.1
216,paran√°,2,0.1
1058,h√°bitos,2,0.1
15,recomenda√ß√£o,2,0.1
1764,fechar,2,0.1
30,in√∫til,2,0.1
1404,efeito,2,0.1
465,interpretar,2,0.1
220,testes,2,0.1
530,distorcer,2,0.1
44,louco,2,0.1
428,doses,2,0.1
427,posso,2,0.1
426,bonoro,2,0.1
423,preciso,2,0.1
212,divulgar,2,0.1
420,coment√°rios,2,0.1
527,eleito,2,0.1
210,jornal,2,0.1
1792,üôå,2,0.1
1101,abaixo,2,0.1
252,c√©u,2,0.1
1318,besta,2,0.1
413,covarde,2,0.1
1277,esposa,2,0.1
440,estude,2,0.1
1332,palha√ßada,2,0.1
42,fake,2,0.1
1402,certas,2,0.1
227,trabalho,2,0.1
249,baixa,2,0.1
459,defesa,2,0.1
458,defender,2,0.1
1777,grande,2,0.1
456,kkkkkkkkkk,2,0.1
455,mulher,2,0.1
1276,amiga,2,0.1
1397,pegou,2,0.1
1396,coment√°rio,2,0.1
1887,fam√≠lia,2,0.1
1970,ü§≠,2,0.1
1322,hip√≥crita,1,0.05
1309,ora√ß√µes,1,0.05
1486,üòë,1,0.05
1321,democracia,1,0.05
1320,vivemos,1,0.05
1310,citou,1,0.05
1311,fa√ßam,1,0.05
1491,fundamentos,1,0.05
1483,povinho,1,0.05
1312,usamos,1,0.05
1484,mimizento,1,0.05
1490,esvaziar,1,0.05
1485,üòí,1,0.05
1315,maltratou,1,0.05
1319,afinal,1,0.05
1316,minorias,1,0.05
1488,cheio,1,0.05
1487,estao,1,0.05
1313,acima,1,0.05
1288,figa,1,0.05
1308,benta,1,0.05
1516,referiu,1,0.05
1282,cogitar,1,0.05
1511,piores,1,0.05
1512,chamou,1,0.05
1279,comprometido,1,0.05
1278,pulm√£o,1,0.05
1513,buscar,1,0.05
1514,inclusive,1,0.05
1275,sobrinho,1,0.05
1515,bate,1,0.05
1274,üòé,1,0.05
1273,ajudado,1,0.05
1517,ofendeu,1,0.05
1283,possibilidade,1,0.05
1272,espero,1,0.05
1271,tratado,1,0.05
1270,mim,1,0.05
1518,diretamente,1,0.05
1269,condiz,1,0.05
1520,alma,1,0.05
1268,abrir,1,0.05
1267,link,1,0.05
1522,reconhece,1,0.05
1266,ideia,1,0.05
1523,v√°,1,0.05
1510,fachada,1,0.05
1284,bobo,1,0.05
1306,macumba,1,0.05
1294,fu√ßa,1,0.05
1493,reclamar,1,0.05
1305,simpatias,1,0.05
1494,viv√™ssemos,1,0.05
1302,use,1,0.05
1301,ordenou,1,0.05
1300,usado,1,0.05
1299,trump,1,0.05
1298,capacho,1,0.05
1296,votarei,1,0.05
1498,comedor,1,0.05
1499,feij√£o,1,0.05
1293,conformo,1,0.05
1507,pr√≥ximo,1,0.05
1500,loko,1,0.05
1292,escancaradas,1,0.05
1291,mentiradas,1,0.05
1290,tds,1,0.05
1289,cegos,1,0.05
1502,m√°,1,0.05
1482,entendem,1,0.05
1287,rindo,1,0.05
1286,maldito,1,0.05
1506,bastante,1,0.05
1285,corte,1,0.05
1323,diga,1,0.05
1418,furac√£o,1,0.05
1324,odeio,1,0.05
1389,maracuj√°,1,0.05
1388,goiabeira,1,0.05
1432,privada,1,0.05
1387,bonito,1,0.05
1386,escreva,1,0.05
1433,e.u.a,1,0.05
1385,voltar√£o,1,0.05
1384,acredite,1,0.05
1434,engra√ßado,1,0.05
1435,farm√°cia,1,0.05
1436,dor,1,0.05
1437,p√≠lula,1,0.05
1438,prescri√ß√£o,1,0.05
1382,tor√ßa,1,0.05
1381,respeite,1,0.05
1379,apaziguar,1,0.05
1378,reze,1,0.05
1440,ok,1,0.05
1376,maneira,1,0.05
1441,entendido,1,0.05
1442,sem.postura,1,0.05
1443,politica,1,0.05
1375,expressar,1,0.05
1444,poder.sem,1,0.05
1374,feia,1,0.05
1445,diplomacia,1,0.05
1373,leia,1,0.05
1446,queiroz,1,0.05
1372,educada,1,0.05
1447,recebeu,1,0.05
1431,fugir,1,0.05
1391,gaveta,1,0.05
1325,pobre,1,0.05
1392,assustando,1,0.05
1417,aben√ßoado,1,0.05
1420,hr,1,0.05
1421,extrume,1,0.05
1416,pragas,1,0.05
1422,saia,1,0.05
1414,afetado,1,0.05
1423,creio,1,0.05
1424,replicar,1,0.05
1425,queira,1,0.05
1413,assumiu,1,0.05
1427,respondendo,1,0.05
1412,coloque,1,0.05
1411,discernimento,1,0.05
1428,brasileiro,1,0.05
1410,senso,1,0.05
1409,fa√ßo,1,0.05
1408,cuide,1,0.05
1407,desejo,1,0.05
1406,afetarem,1,0.05
1405,p√µe,1,0.05
1429,mere√ße,1,0.05
1403,desrespeitosa,1,0.05
1430,elegeu,1,0.05
1401,calma,1,0.05
1398,afetou,1,0.05
1395,acreditar,1,0.05
1524,tratar,1,0.05
1394,varrida,1,0.05
1393,doida,1,0.05
1371,garrafa,1,0.05
1370,diabinho,1,0.05
1448,propina,1,0.05
1449,petrobr√°s,1,0.05
1350,boco,1,0.05
1349,falsificada,1,0.05
1347,usam,1,0.05
1345,anticientificismo,1,0.05
1344,f√©,1,0.05
1343,üéá,1,0.05
1342,üéÜ,1,0.05
1469,foda,1,0.05
1341,üéä,1,0.05
1340,üéâ,1,0.05
1338,aplausos,1,0.05
1335,belzebu,1,0.05
1334,pacto,1,0.05
1470,pegar,1,0.05
1333,assuma,1,0.05
1472,distribuida,1,0.05
1473,serem,1,0.05
1474,entubados,1,0.05
1475,chance,1,0.05
1476,sobreviver,1,0.05
1331,porrada,1,0.05
1330,matado,1,0.05
1478,cansa,1,0.05
1329,ditadura,1,0.05
1479,üò†,1,0.05
1480,minoria,1,0.05
1327,√≠ndio,1,0.05
1326,preto,1,0.05
1481,poucos,1,0.05
1351,pensamentos,1,0.05
1352,maus,1,0.05
1466,cansado,1,0.05
1362,rezar,1,0.05
1450,pregui√ßa,1,0.05
1451,safado,1,0.05
1369,cramunh√£o,1,0.05
1452,rei,1,0.05
1368,credo,1,0.05
1453,trouxas,1,0.05
1454,kkkkkk,1,0.05
1455,sensatos,1,0.05
1367,cruz,1,0.05
1456,profissional,1,0.05
1365,vagina,1,0.05
1364,ratos,1,0.05
1363,receber,1,0.05
1361,acontecer,1,0.05
1465,üòï,1,0.05
1360,voltasse,1,0.05
1359,traga,1,0.05
1358,valorizar,1,0.05
1357,passarem,1,0.05
1356,idiotas,1,0.05
1458,receite,1,0.05
1459,ideal,1,0.05
1355,crescer,1,0.05
1461,dito,1,0.05
1354,voltar,1,0.05
1462,imprensa,1,0.05
1463,diria,1,0.05
1464,publicidade,1,0.05
1346,perigos√≠ssimo,1,0.05
0,medinho,1,0.05
1525,inicia,1,0.05
1833,portos,1,0.05
1843,diminuir,1,0.05
1842,drogas,1,0.05
1841,apreender,1,0.05
1840,comissionados,1,0.05
1839,cargos,1,0.05
1838,farra,1,0.05
1836,previd√™ncia,1,0.05
1835,reforma,1,0.05
1834,aeroportos,1,0.05
1832,privatizar,1,0.05
1845,criminalidade,1,0.05
1831,ferrovias,1,0.05
1830,pontua√ß√£o,1,0.05
1828,cnh,1,0.05
1827,abandonadas,1,0.05
1826,d√©cadas,1,0.05
1825,rodovias,1,0.05
1824,asfaltar,1,0.05
1823,exporta√ß√µes,1,0.05
1822,agroneg√≥cio,1,0.05
1844,√≠ndices,1,0.05
1846,flexibilizar,1,0.05
1527,direto,1,0.05
1859,emergencial,1,0.05
1868,traidores,1,0.05
1867,desmascarar,1,0.05
1866,autorit√°rios,1,0.05
1865,comunistas,1,0.05
1864,mamata,1,0.05
1863,israel,1,0.05
1862,brasileira,1,0.05
1861,fam√≠lias,1,0.05
1860,65,1,0.05
1858,aux√≠lio,1,0.05
1847,acesso,1,0.05
1857,planeta,1,0.05
1856,renda,1,0.05
1855,transfer√™ncia,1,0.05
1853,monop√≥lio,1,0.05
1852,futebol,1,0.05
1851,clubes,1,0.05
1850,artistas,1,0.05
1849,torneira,1,0.05
1848,armas,1,0.05
1821,trabalhistas,1,0.05
1820,encargos,1,0.05
1819,empresas,1,0.05
1779,aumento,1,0.05
1788,pedir,1,0.05
1787,picuinha,1,0.05
1786,entra,1,0.05
1785,lament√°velmente,1,0.05
1784,capeta,1,0.05
1783,ju√≠zes,1,0.05
1782,destruindo,1,0.05
1781,desgra√ßa,1,0.05
1780,politcalha,1,0.05
1778,contribui√ß√£o,1,0.05
1818,desafogar,1,0.05
1776,chatisse,1,0.05
1775,dexametasona,1,0.05
1774,zinco,1,0.05
1773,vitamina,1,0.05
1771,china,1,0.05
1770,praga,1,0.05
1769,primo,1,0.05
1768,reclama,1,0.05
1767,inventar,1,0.05
1789,clem√™ncia,1,0.05
1790,oferecer,1,0.05
1791,tamanho,1,0.05
1793,analisar,1,0.05
1814,g√°s,1,0.05
1813,gasolina,1,0.05
1812,infla√ß√£o,1,0.05
1811,juros,1,0.05
1808,conseguiu,1,0.05
1807,derrub√°-lo,1,0.05
1806,mentiras,1,0.05
1805,apoiadores,1,0.05
1804,prendendo,1,0.05
1803,a√ß√£o,1,0.05
1802,travando,1,0.05
1801,pgr,1,0.05
1800,stf,1,0.05
1799,alcolumbre,1,0.05
1798,rodrigo,1,0.05
1797,sabotando,1,0.05
1796,congresso,1,0.05
1795,marrom,1,0.05
1794,falsas,1,0.05
1869,governadores,1,0.05
1870,ach√°vamos,1,0.05
1871,a√ß√µes,1,0.05
1936,face,1,0.05
1948,brigar,1,0.05
1947,prefeitos,1,0.05
1946,governador,1,0.05
1942,cag√£o,1,0.05
1941,mortadelas,1,0.05
1940,quarenta,1,0.05
1939,√∫ltimos,1,0.05
1938,√∫nico,1,0.05
1937,denegrir,1,0.05
1935,infiltrada,1,0.05
1919,riscos,1,0.05
1934,alienada,1,0.05
1933,esquerdista,1,0.05
1932,receitou,1,0.05
1931,genocida,1,0.05
1928,tranquila,1,0.05
1927,√∫mbria,1,0.05
1926,foligno,1,0.05
1925,morando,1,0.05
1923,receberem,1,0.05
1949,mo√ßa,1,0.05
1950,favor.de.se,1,0.05
1951,retirar,1,0.05
1952,cruel,1,0.05
1977,galar,1,0.05
1976,rehnan,1,0.05
1975,dr,1,0.05
1974,assiste,1,0.05
1973,annita,1,0.05
1972,vermifugo,1,0.05
1971,ahh,1,0.05
1966,psiquiatra,1,0.05
1965,facebook,1,0.05
1964,qu√£o,1,0.05
1963,olhar.para,1,0.05
1961,informar,1,0.05
1960,hidr√≥xicloroquina,1,0.05
1959,principalmente,1,0.05
1958,quiserem,1,0.05
1957,regulamentar,1,0.05
1956,obedecer,1,0.05
1954,impor,1,0.05
1953,amada,1,0.05
1920,estat√≠sticas,1,0.05
1918,ficaram,1,0.05
1872,lives,1,0.05
1883,junto,1,0.05
1893,repito,1,0.05
1892,partidos,1,0.05
1891,trabalharem,1,0.05
1890,ministros,1,0.05
1889,terceiro,1,0.05
1888,d√©cimo,1,0.05
1886,michelle,1,0.05
1885,dama,1,0.05
1884,primeira,1,0.05
1882,f√≠sicos,1,0.05
1917,corona,1,0.05
1881,deficientes,1,0.05
1880,inclus√£o,1,0.05
1879,microcefalia,1,0.05
1878,crian√ßas,1,0.05
1877,aposentou,1,0.05
1876,secretaria,1,0.05
1875,damares,1,0.05
1874,funcionar,1,0.05
1873,direitos,1,0.05
1894,üòâ,1,0.05
1895,üßê,1,0.05
1896,adversidades,1,0.05
1897,faria,1,0.05
1916,pegaram,1,0.05
1915,sogros,1,0.05
1914,genro,1,0.05
1913,neto,1,0.05
1912,resolvia,1,0.05
1911,pensou,1,0.05
1910,caiu,1,0.05
1909,desgoverno,1,0.05
1908,desdez,1,0.05
1907,kkkkkkk,1,0.05
1906,obras,1,0.05
1905,egito,1,0.05
1904,pir√¢mides,1,0.05
1903,sabiam,1,0.05
1902,ing√™nuos,1,0.05
1901,nobre,1,0.05
1900,reconhe√ßa,1,0.05
1899,p√°tria,1,0.05
1898,inimigos,1,0.05
1766,carvalho,1,0.05
1765,novos,1,0.05
1763,espanha,1,0.05
1599,gamar,1,0.05
1618,cagado,1,0.05
1617,nasceu,1,0.05
1613,respostas,1,0.05
1612,ocultar,1,0.05
1609,Œø,1,0.05
1606,filhinha,1,0.05
1605,dem√¥nia,1,0.05
1604,anja,1,0.05
1603,bon√≠ssima,1,0.05
1598,imposs√≠vel,1,0.05
1585,gamou,1,0.05
1597,jacaroa,1,0.05
1596,dentes,1,0.05
1594,gamei,1,0.05
1593,envergonha,1,0.05
1592,pastor,1,0.05
1591,descr√©dito,1,0.05
1590,fdp,1,0.05
1589,crentes,1,0.05
1588,vermos,1,0.05
1619,dou,1,0.05
1621,assaltou,1,0.05
1622,cofres,1,0.05
1624,durante,1,0.05
1650,rapaz,1,0.05
1649,lulalivre,1,0.05
1648,engra√ßados,1,0.05
1647,comprar,1,0.05
1646,europe,1,0.05
1645,chutando,1,0.05
1644,empres√°rios,1,0.05
1642,emprego,1,0.05
1641,educa√ß√£o,1,0.05
1639,compras,1,0.05
1636,europeia,1,0.05
1634,amor,1,0.05
1633,honestamente,1,0.05
1630,devastado,1,0.05
1629,avan√ßo,1,0.05
1628,impressionante,1,0.05
1627,distinguir,1,0.05
1626,anterior,1,0.05
1625,quais,1,0.05
1586,palavra,1,0.05
1584,repreendido,1,0.05
1652,mostram,1,0.05
1540,odiosa,1,0.05
1552,falsa,1,0.05
1551,testa,1,0.05
1550,raio,1,0.05
1549,lascar,1,0.05
1548,agir,1,0.05
1546,adoradora,1,0.05
1545,pequena,1,0.05
1544,coloca,1,0.05
1542,cheias,1,0.05
1539,pesa,1,0.05
1582,erm√£,1,0.05
1538,consci√™ncia,1,0.05
1537,certa,1,0.05
1536,defende,1,0.05
1535,bicho,1,0.05
1533,confiei,1,0.05
1532,medonho,1,0.05
1531,engana,1,0.05
1530,enganar,1,0.05
1529,internet,1,0.05
1553,perfei√ß√£o,1,0.05
1555,aten√ß√£o..kkk,1,0.05
1556,demente,1,0.05
1557,explodir,1,0.05
1580,age,1,0.05
1579,santa,1,0.05
1578,araque,1,0.05
1577,sinceridade,1,0.05
1576,adora,1,0.05
1575,mostrou,1,0.05
1574,siiiim,1,0.05
1573,ahhhhhhhh,1,0.05
1572,arruma,1,0.05
1571,amado,1,0.05
1569,imund√≠cie,1,0.05
1568,√©tica,1,0.05
1566,arregou,1,0.05
1563,arminha,1,0.05
1562,evang√©lico,1,0.05
1561,podrid√£o,1,0.05
1560,justificar,1,0.05
1559,contr√°rio,1,0.05
1558,buraco,1,0.05
1651,desliga,1,0.05
1653,falcatruas,1,0.05
1762,controlado,1,0.05
1727,auto,1,0.05
1736,cient√≠fico,1,0.05
1735,aval,1,0.05
1734,produto,1,0.05
1733,cham√°-lo,1,0.05
1732,conviver,1,0.05
1731,conhecidas,1,0.05
1730,comprovar,1,0.05
1729,terapias,1,0.05
1728,mediquem,1,0.05
1726,sentiu,1,0.05
1715,bolsominios,1,0.05
1725,partilhar,1,0.05
1724,resultado,1,0.05
1723,neglig√™ncia,1,0.05
1722,terapia,1,0.05
1721,adequar,1,0.05
1720,caixinha,1,0.05
1719,cessa,1,0.05
1718,assunto,1,0.05
1717,metade,1,0.05
1737,chegaram,1,0.05
1738,tarda,1,0.05
1739,chegar√°,1,0.05
1740,utilizar,1,0.05
1760,menina,1,0.05
1758,jeito,1,0.05
1757,abrindo,1,0.05
1756,estar√≠amos,1,0.05
1755,fechado,1,0.05
1754,brasile,1,0.05
1753,italiano,1,0.05
1752,estranho,1,0.05
1751,brasileiros,1,0.05
1750,goela,1,0.05
1749,enfiando,1,0.05
1748,l√≥gico,1,0.05
1747,legisla√ß√£o,1,0.05
1746,control√°veis,1,0.05
1745,colaterais,1,0.05
1744,efeitos,1,0.05
1743,comprovem,1,0.05
1742,feitos,1,0.05
1741,determinada,1,0.05
1716,v√™em,1,0.05
1714,imbecis,1,0.05
1654,liga√ß√µes,1,0.05
1667,envolvendo,1,0.05
1677,incomode,1,0.05
1675,respondido,1,0.05
1674,conta,1,0.05
1673,apesar,1,0.05
1672,melhorar,1,0.05
1671,interessado,1,0.05
1670,orgulho,1,0.05
1669,haddad,1,0.05
1668,votou,1,0.05
1666,passar,1,0.05
1713,apareceu,1,0.05
1664,brincando,1,0.05
1662,natureza,1,0.05
1661,ar,1,0.05
1660,atividades,1,0.05
1659,enquanto,1,0.05
1658,ligam,1,0.05
1657,obscuras,1,0.05
1656,rachadinha,1,0.05
1655,mil√≠cias,1,0.05
1679,menor,1,0.05
1681,lucidez,1,0.05
1682,tamanha,1,0.05
1683,vota,1,0.05
1712,controv√©rsias,1,0.05
1711,contra√≠do,1,0.05
1706,cavernas,1,0.05
1701,filhodaputa,1,0.05
1700,andou,1,0.05
1699,fase,1,0.05
1698,saudades,1,0.05
1697,morrendo,1,0.05
1696,pr√©dio,1,0.05
1695,s√≠ndico,1,0.05
1693,admitam,1,0.05
1692,hipocrisia,1,0.05
1264,b17,1,0.05
1689,energ√∫meno,1,0.05
1688,intencionados,1,0.05
1687,informado,1,0.05
1686,lament√°vel,1,0.05
1685,pensam,1,0.05
1684,saudade,1,0.05
1265,boneco,1,0.05
989,postagens,1,0.05
1263,üíõ,1,0.05
500,henrique,1,0.05
536,fiz,1,0.05
534,mesmo.que,1,0.05
533,fb,1,0.05
532,like,1,0.05
524,gostando,1,0.05
523,üòî,1,0.05
522,moda,1,0.05
517,vir,1,0.05
516,gera√ß√µes,1,0.05
515,ignorantes,1,0.05
514,aulas,1,0.05
513,faltou,1,0.05
512,fatos,1,0.05
511,defenda,1,0.05
509,qtas,1,0.05
508,1983,1,0.05
504,psl,1,0.05
503,temer,1,0.05
502,psdb,1,0.05
537,luiz,1,0.05
538,in√°cio,1,0.05
539,silva,1,0.05
568,sopre,1,0.05
583,reconhecer,1,0.05
582,post,1,0.05
580,bjusss,1,0.05
577,razao,1,0.05
576,admitir,1,0.05
575,centr√£o,1,0.05
573,irrespons√°vel,1,0.05
570,desastre,1,0.05
565,sensata,1,0.05
542,despreparado,1,0.05
564,turno,1,0.05
557,luladrao,1,0.05
555,√∫teis,1,0.05
553,grito,1,0.05
552,pronto,1,0.05
551,enclausurada,1,0.05
547,acontece,1,0.05
544,enxerga,1,0.05
501,cardoso,1,0.05
499,franco,1,0.05
400,isso..pior,1,0.05
498,itamar,1,0.05
451,saiu,1,0.05
450,aonde,1,0.05
448,matem√°tica,1,0.05
446,pera,1,0.05
444,sertim,1,0.05
438,aproveita,1,0.05
433,dele..rs,1,0.05
432,recomendou..basta,1,0.05
430,farmac√™utico,1,0.05
421,estudou,1,0.05
419,olhando,1,0.05
418,escolas,1,0.05
417,estrutura,1,0.05
415,espanta,1,0.05
414,deste,1,0.05
412,atitude,1,0.05
407,intencionada,1,0.05
406,revela,1,0.05
402,fake..que,1,0.05
452,supera,1,0.05
454,situa,1,0.05
457,√¢nsia,1,0.05
482,fazem,1,0.05
497,prn,1,0.05
496,collor,1,0.05
494,sarney,1,0.05
493,jos√©,1,0.05
491,neves,1,0.05
490,tancredo,1,0.05
489,correta,1,0.05
487,meninas,1,0.05
480,peda√ßo,1,0.05
462,precisar√°,1,0.05
478,empeachmeant,1,0.05
477,interrompido,1,0.05
474,governantes,1,0.05
470,amadah,1,0.05
468,reflita,1,0.05
466,aproveite,1,0.05
464,pensar,1,0.05
463,esfor√ßo,1,0.05
584,v√©io,1,0.05
585,ac√©falo,1,0.05
586,guarde,1,0.05
588,d√≥,1,0.05
699,√°pice,1,0.05
698,acompanhar,1,0.05
697,basta,1,0.05
696,üò¢,1,0.05
695,prazer,1,0.05
694,incomodada,1,0.05
692,incomoda,1,0.05
690,paci√™ncia,1,0.05
689,da√≠,1,0.05
688,amenizou,1,0.05
686,semana,1,0.05
685,quarentena,1,0.05
681,ampolas,1,0.05
680,car√≠ssimo,1,0.05
679,cu,1,0.05
677,inflacionaram,1,0.05
675,dolares,1,0.05
673,formada,1,0.05
672,m√≠ngua,1,0.05
701,impunidades,1,0.05
702,2016,1,0.05
703,corrompeu,1,0.05
723,choro,1,0.05
733,m√©rito,1,0.05
732,rsrsrsr,1,0.05
731,honroso,1,0.05
730,refer√™ncias,1,0.05
728,criminoso,1,0.05
726,antis,1,0.05
725,chupa,1,0.05
724,ladrao,1,0.05
720,vejam,1,0.05
704,pr√≥prios,1,0.05
716,kkkkkkkkkkkkkkkk,1,0.05
715,kkkkkkkkkkk,1,0.05
714,protegidos,1,0.05
713,certamente,1,0.05
711,pensando,1,0.05
708,poxa,1,0.05
707,depoimento,1,0.05
706,janeiro,1,0.05
670,ignorante,1,0.05
668,especifica√ß√µes,1,0.05
667,modelo,1,0.05
615,destribuir,1,0.05
634,cient√≠fica,1,0.05
625,paraquedista,1,0.05
624,acreditou,1,0.05
623,doc,1,0.05
622,epidemiologistas,1,0.05
621,estudado,1,0.05
620,parecia,1,0.05
617,gasto,1,0.05
612,vdd,1,0.05
636,baratos,1,0.05
608,tira,1,0.05
605,disposi√ß√£o,1,0.05
603,ambul√¢ncia,1,0.05
598,indicar,1,0.05
592,praticamente,1,0.05
591,hora,1,0.05
590,confundir,1,0.05
589,eleitores,1,0.05
635,curou,1,0.05
637,superfaturar,1,0.05
666,apple,1,0.05
657,ultrapassa,1,0.05
665,oficial,1,0.05
664,site,1,0.05
663,impostos,1,0.05
662,convertida,1,0.05
661,capacidade,1,0.05
660,max,1,0.05
659,iphones,1,0.05
658,pre√ßo,1,0.05
656,quantia,1,0.05
642,custar√°,1,0.05
655,reais,1,0.05
653,termos,1,0.05
652,unidos,1,0.05
650,privado,1,0.05
648,dentro,1,0.05
646,representa,1,0.05
645,us,1,0.05
643,considerando,1,0.05
401,enxergar..preferem,1,0.05
397,come√ßo,1,0.05
1262,üíö,1,0.05
113,seguir,1,0.05
161,talkey,1,0.05
160,feito,1,0.05
159,cl√≠nico,1,0.05
158,ensaio,1,0.05
157,suspeito,1,0.05
152,baix√≠ssima,1,0.05
147,escal√£o,1,0.05
146,alto,1,0.05
143,divulgou,1,0.05
142,label,1,0.05
141,off,1,0.05
135,rj,1,0.05
134,regi√µes,1,0.05
133,algumas,1,0.05
129,habitantes,1,0.05
124,muta√ß√µes,1,0.05
120,diferente,1,0.05
119,clima,1,0.05
118,servir,1,0.05
163,saibam,1,0.05
165,proibiram,1,0.05
178,qro,1,0.05
199,monte,1,0.05
221,nestas,1,0.05
218,tar,1,0.05
217,tendi,1,0.05
215,seco,1,0.05
214,engole,1,0.05
208,duro,1,0.05
202,muda,1,0.05
201,anti,1,0.05
198,tupiniquins,1,0.05
179,avan√ßa,1,0.05
197,terras,1,0.05
196,aki,1,0.05
193,recebem,1,0.05
190,prata,1,0.05
189,bala,1,0.05
187,esquisito,1,0.05
183,desenvolvem,1,0.05
182,expertise,1,0.05
116,serviu,1,0.05
112,caminho,1,0.05
396,interpretado,1,0.05
109,chama,1,0.05
40,l√∫cida,1,0.05
37,vozes,1,0.05
35,perturbada,1,0.05
34,cabecinha,1,0.05
33,fonte,1,0.05
31,enche,1,0.05
29,esquenta,1,0.05
27,muitas,1,0.05
25,kkkkkkkkkkkkkkkkkkkkkkkkkk,1,0.05
21,passando,1,0.05
20,m√©dio,1,0.05
17,barrando,1,0.05
13,manic√¥mio,1,0.05
11,cadeia,1,0.05
9,roubado,1,0.05
7,precedentes,1,0.05
5,adianta,1,0.05
3,muota,1,0.05
2,ferrou,1,0.05
41,amei,1,0.05
43,criatura,1,0.05
48,meficre,1,0.05
87,terceira,1,0.05
103,estudei,1,0.05
101,mortal,1,0.05
100,mero,1,0.05
99,imagine,1,0.05
97,estudos,1,0.05
96,contestam,1,0.05
95,cientistas,1,0.05
89,incentivar,1,0.05
85,videozinho,1,0.05
52,minutos,1,0.05
83,invertida,1,0.05
74,mulas,1,0.05
68,distorceram,1,0.05
64,dispon√≠vel,1,0.05
63,foto,1,0.05
62,descri√ß√£o,1,0.05
54,tomaram,1,0.05
53,famosos,1,0.05
222,horas,1,0.05
223,separarmos,1,0.05
224,joio,1,0.05
225,trigo,1,0.05
352,unoeste,1,0.05
350,aiai,1,0.05
349,p√∫blicas,1,0.05
348,universidades,1,0.05
347,formados,1,0.05
346,renomados,1,0.05
345,super,1,0.05
343,aceita,1,0.05
342,sarna,1,0.05
340,chora,1,0.05
339,pqp,1,0.05
338,chorando,1,0.05
337,colorido,1,0.05
336,lapis,1,0.05
335,desenho,1,0.05
334,precisar,1,0.05
331,esque√ßo,1,0.05
328,publicado,1,0.05
326,achei,1,0.05
353,comparar,1,0.05
354,xiiiii,1,0.05
356,faltando,1,0.05
384,goiano,1,0.05
395,altura,1,0.05
394,intencionado,1,0.05
392,caixas,1,0.05
390,funcionais,1,0.05
389,analfabetos,1,0.05
388,bolsonarismo,1,0.05
387,negacionismo,1,0.05
386,internado,1,0.05
380,contamina√ß√£o,1,0.05
359,vendo,1,0.05
373,bolha,1,0.05
371,nega√ß√£o,1,0.05
370,caralho,1,0.05
369,evid√™ncia,1,0.05
367,contradit√≥rio,1,0.05
363,pararam,1,0.05
361,trabalhos,1,0.05
360,mandei,1,0.05
324,robusto,1,0.05
322,paper,1,0.05
321,o.pre,1,0.05
250,imaginamos,1,0.05
268,pr√©,1,0.05
266,enviar,1,0.05
264,acaba,1,0.05
262,atualizada,1,0.05
261,qualidade,1,0.05
260,dezembro,1,0.05
259,real,1,0.05
254,terra,1,0.05
247,racioc√≠nio,1,0.05
272,randomizado,1,0.05
245,seguindo,1,0.05
242,mesmos,1,0.05
240,proa,1,0.05
234,estranhos,1,0.05
233,pareceres,1,0.05
231,evolu√ß√£o,1,0.05
230,papers,1,0.05
226,atualiza,1,0.05
270,duplo,1,0.05
277,maneiras,1,0.05
319,enrugado,1,0.05
300,tempos,1,0.05
315,goi√¢nia,1,0.05
309,modalidade,1,0.05
307,diverte,1,0.05
306,atuais,1,0.05
304,doa,1,0.05
303,direita,1,0.05
302,blogs,1,0.05
301,youtube,1,0.05
299,humana,1,0.05
279,lidar,1,0.05
295,procuramos,1,0.05
294,veterin√°ria,1,0.05
290,jogo,1,0.05
289,carreira,1,0.05
287,iriam,1,0.05
286,veterin√°rio,1,0.05
284,entregar,1,0.05
283,vale,1,0.05
734,discordar,1,0.05
735,merece,1,0.05
736,diga-me,1,0.05
1090,vivos,1,0.05
1119,interessam,1,0.05
1118,habilitados,1,0.05
1116,corretos,1,0.05
1115,diminuiram,1,0.05
1114,senior,1,0.05
1113,prevent,1,0.05
1110,especialista,1,0.05
1108,passa,1,0.05
1106,conv√©m,1,0.05
1105,teste,1,0.05
1103,processado,1,0.05
1102,ia,1,0.05
1100,guela,1,0.05
1099,empurrando,1,0.05
1098,ate,1,0.05
1096,vagabundo,1,0.05
1095,ups,1,0.05
1093,levando,1,0.05
1092,invis√≠vel,1,0.05
1122,p√∫blico,1,0.05
1125,monitorada,1,0.05
1126,favorecidos,1,0.05
1140,prova,1,0.05
1149,ap√™ndice,1,0.05
1148,oper√°-lo,1,0.05
1147,demoraram,1,0.05
1146,limpo,1,0.05
1145,campo,1,0.05
1143,perdi,1,0.05
1142,erros,1,0.05
1141,v√≠tima,1,0.05
1138,estudaram,1,0.05
1127,contato,1,0.05
1136,pr√°tica,1,0.05
1135,teoria,1,0.05
1133,ahhhh,1,0.05
1132,complicado,1,0.05
1131,eletrocardiograma,1,0.05
1130,aparelho,1,0.05
1129,exemplo,1,0.05
1128,completar,1,0.05
1091,inimigo,1,0.05
1088,unir,1,0.05
737,andas,1,0.05
1087,precisamos,1,0.05
1043,usada,1,0.05
1042,patente,1,0.05
1041,barato,1,0.05
1040,lutam,1,0.05
1038,laborat√≥rios,1,0.05
1037,financeiro,1,0.05
1032,m√≠dias,1,0.05
1027,sabem,1,0.05
1023,morta,1,0.05
1022,viva,1,0.05
1021,empiricamente,1,0.05
1019,√≥timos,1,0.05
1018,tendo,1,0.05
1017,prescrevem,1,0.05
1016,profil√°tico,1,0.05
1015,fazerem,1,0.05
1013,solu√ß√£o,1,0.05
1012,relaxamento,1,0.05
1010,compravada,1,0.05
1045,perigosa,1,0.05
1046,vacinas,1,0.05
1047,necess√°rio,1,0.05
1077,idade,1,0.05
1086,discuss√£o,1,0.05
1085,vira,1,0.05
1084,partido,1,0.05
1083,avisando,1,0.05
1081,chame,1,0.05
1080,vemos,1,0.05
1079,afetados,1,0.05
1078,avan√ßada,1,0.05
1076,comorbidades,1,0.05
1049,aplicado,1,0.05
1075,afirmava,1,0.05
1074,concordo,1,0.05
1062,v=mnjcjsm20uu,1,0.05
1057,comprovados,1,0.05
1054,papo,1,0.05
1053,salva√ß√£o,1,0.05
1052,promessa,1,0.05
1050,seres,1,0.05
1150,ignorou,1,0.05
1151,colega,1,0.05
1152,upa,1,0.05
1153,cirurgi√£o,1,0.05
1233,tubaina,1,0.05
1229,rumo,1,0.05
1228,combate,1,0.05
1227,minist√©rio,1,0.05
1226,inicial,1,0.05
1225,recomenda√ß√µes,1,0.05
1224,ouvindo,1,0.05
1223,curtos,1,0.05
1222,espa√ßos,1,0.05
1221,reuni√µes,1,0.05
1220,continuado,1,0.05
1219,in√≠cio,1,0.05
1218,calado,1,0.05
1217,ficado,1,0.05
1213,mau-car√°ter,1,0.05
1212,curado,1,0.05
1211,achando,1,0.05
1210,h√°bito,1,0.05
1209,virou,1,0.05
1234,ratazanas,1,0.05
1236,bozoloide,1,0.05
1237,haver,1,0.05
1249,louca,1,0.05
1259,ü§¶üèΩ‚Äç‚ôÄÔ∏è,1,0.05
1256,opinando,1,0.05
1255,saem,1,0.05
1254,l√™em,1,0.05
1253,üò°,1,0.05
1252,0:20,1,0.05
1251,mente,1,0.05
1250,fezes,1,0.05
1248,concordar,1,0.05
1238,cool,1,0.05
1247,t√™nue,1,0.05
1246,algu√©m,1,0.05
1245,percebe,1,0.05
1243,justifica,1,0.05
1242,erro,1,0.05
1241,verme,1,0.05
1240,bola,1,0.05
1239,cal√ßas,1,0.05
1208,presta,1,0.05
1206,atendimento,1,0.05
1205,agrade√ßa,1,0.05
1165,her√≥is,1,0.05
1175,atitudes,1,0.05
1174,indignada,1,0.05
1173,esquerda,1,0.05
1172,dessas,1,0.05
1171,cobrado,1,0.05
1169,atrasando,1,0.05
1167,idolatria,1,0.05
1166,envolvidos,1,0.05
1164,vms,1,0.05
1178,torcer,1,0.05
1163,remedio,1,0.05
1162,plaquetarias,1,0.05
1161,problemas,1,0.05
1160,largaram,1,0.05
1159,simplesmente,1,0.05
1157,carcada,1,0.05
1155,pediatra,1,0.05
1154,cirurgi√£,1,0.05
1177,orar,1,0.05
1179,mto,1,0.05
1204,diziam,1,0.05
1194,fazia,1,0.05
1203,atenderam,1,0.05
1202,bans,1,0.05
1200,fundo,1,0.05
1199,enxaqueca,1,0.05
1198,diagn√≥stico,1,0.05
1197,butant√£,1,0.05
1196,metropolitano,1,0.05
1195,resid√™ncia,1,0.05
1192,interior,1,0.05
1180,final,1,0.05
1191,novinha,1,0.05
1189,m√™s,1,0.05
1188,fiquei,1,0.05
1187,cerebral,1,0.05
1186,aneurisma,1,0.05
1185,juro,1,0.05
1184,dez,1,0.05
1183,irm√£o,1,0.05
1009,m√©dica√ßao,1,0.05
1008,medica√ß√µes,1,0.05
1007,ir,1,0.05
874,jogam,1,0.05
837,conselho,1,0.05
836,ultimo,1,0.05
835,gostei,1,0.05
834,procurem,1,0.05
832,qqr,1,0.05
831,cardiacos,1,0.05
829,ampcf=1,1,0.05
828,"www.correiobraziliense.com.br/app/noticia/politica/2020/07/16/interna_politica,872688/amp.html",1,0.05
826,responsabilizado,1,0.05
825,receitu√°rio,1,0.05
822,simples,1,0.05
821,concorda,1,0.05
820,üôä,1,0.05
817,espere,1,0.05
815,kkkkkkkkkkkkkkkkk,1,0.05
814,considerado,1,0.05
812,mandar,1,0.05
811,sis,1,0.05
810,telefone,1,0.05
838,procura,1,0.05
839,crm,1,0.05
840,fodam-se,1,0.05
858,queda,1,0.05
871,parar,1,0.05
869,üòä,1,0.05
867,curte,1,0.05
866,le,1,0.05
863,churrascos,1,0.05
862,festinhas,1,0.05
860,estabilizados,1,0.05
859,n√∫mero,1,0.05
856,bons,1,0.05
841,procura-se,1,0.05
853,chul√©,1,0.05
851,larga,1,0.05
849,beber,1,0.05
847,doido,1,0.05
846,morreu,1,0.05
845,hidroxicloraquina,1,0.05
844,l√∫pus,1,0.05
842,desesperadamente,1,0.05
806,√≥bvio,1,0.05
805,desde.que,1,0.05
804,se.semte.melhor,1,0.05
750,afirmar,1,0.05
767,apresentando,1,0.05
766,n√≠veis,1,0.05
765,tr√™s,1,0.05
764,aglutinar,1,0.05
756,tolo,1,0.05
754,demais,1,0.05
752,bozo,1,0.05
751,categoricamente,1,0.05
748,roubos,1,0.05
770,respeito,1,0.05
747,passada,1,0.05
746,gest√£o,1,0.05
745,nego,1,0.05
744,maiores,1,0.05
742,bandidos,1,0.05
741,bandido,1,0.05
739,contigo,1,0.05
738,direi,1,0.05
769,seriedade,1,0.05
771,grave,1,0.05
803,adoro,1,0.05
786,elei√ß√£o,1,0.05
798,desonesto,1,0.05
795,caro,1,0.05
794,hermes,1,0.05
793,marechal,1,0.05
792,divis√≥ria,1,0.05
790,comit√™,1,0.05
788,recebo,1,0.05
787,hoje,1,0.05
785,pen√∫ltima,1,0.05
773,estrat√©gias,1,0.05
784,vereador,1,0.05
783,mandato,1,0.05
779,preferiu,1,0.05
778,lidando,1,0.05
777,experi√™ncias,1,0.05
776,baseados,1,0.05
775,conduta,1,0.05
774,op√ß√µes,1,0.05
873,hahaha,1,0.05
875,t√≥picos,1,0.05
1006,paralelo,1,0.05
877,√≠dolo,1,0.05
969,cair,1,0.05
968,costumam,1,0.05
964,ouviu,1,0.05
963,s√©rio,1,0.05
962,ahhhhh,1,0.05
961,compartilhar,1,0.05
960,comentar,1,0.05
959,urtir,1,0.05
958,min,1,0.05
956,delegado,1,0.05
955,euf√≥ricos,1,0.05
954,entendi,1,0.05
953,lorota,1,0.05
952,produzida,1,0.05
951,imensid√£o,1,0.05
950,custos,1,0.05
949,arca,1,0.05
948,exemplos,1,0.05
947,p√©ssimos,1,0.05
971,lerdos,1,0.05
975,pendurar,1,0.05
977,pesco√ßo,1,0.05
994,esperava,1,0.05
1005,mercado,1,0.05
1004,precisava,1,0.05
1002,indicou,1,0.05
1001,orienta√ß√£o,1,0.05
1000,somente,1,0.05
999,saiba,1,0.05
997,rid√≠cula,1,0.05
995,rsrsrs,1,0.05
993,mimimimi,1,0.05
978,colar,1,0.05
992,zzzzzz,1,0.05
988,inacredit√°vel,1,0.05
984,incentiva,1,0.05
983,conhecimentos,1,0.05
982,enfermagem,1,0.05
981,estudante,1,0.05
980,qu√≠mica,1,0.05
979,necessito,1,0.05
946,espera,1,0.05
945,sustenta,1,0.05
944,sentado,1,0.05
891,rep√∫blica,1,0.05
902,serio,1,0.05
901,üôåüèª,1,0.05
899,totalmente,1,0.05
897,alvo,1,0.05
896,taxas,1,0.05
894,jair,1,0.05
893,üáßüá∑,1,0.05
892,federativa,1,0.05
890,obrigada,1,0.05
904,baixos,1,0.05
889,curando,1,0.05
888,obriga√ß√£o,1,0.05
887,coerencia,1,0.05
886,doentes,1,0.05
885,malucos,1,0.05
884,dissiminar,1,0.05
883,ajudando,1,0.05
882,defendem,1,0.05
903,n√∫meros,1,0.05
906,simpatia,1,0.05
941,bagun√ßando,1,0.05
921,tv,1,0.05
940,coitado,1,0.05
939,ladr√£o,1,0.05
933,obrigado,1,0.05
931,jornaleco,1,0.05
927,olho,1,0.05
925,terno,1,0.05
924,aprovamos,1,0.05
923,desses,1,0.05
920,‚Äé,1,0.05
907,legal,1,0.05
918,alturas,1,0.05
917,d√≥lar,1,0.05
916,comunismo,1,0.05
915,cientifica,1,0.05
913,comprimidos,1,0.05
912,frascos,1,0.05
910,‚Äécapit√£o,1,0.05
909,‚Äétexto,1,0.05
1978,pe√ßa,1,0.05
